-- --------------------------------------------------------
-- Host:                         127.0.0.1
-- Server version:               8.4.3 - MySQL Community Server - GPL
-- Server OS:                    Win64
-- HeidiSQL Version:             12.8.0.6908
-- --------------------------------------------------------

/*!40101 SET @OLD_CHARACTER_SET_CLIENT=@@CHARACTER_SET_CLIENT */;
/*!40101 SET NAMES utf8 */;
/*!50503 SET NAMES utf8mb4 */;
/*!40103 SET @OLD_TIME_ZONE=@@TIME_ZONE */;
/*!40103 SET TIME_ZONE='+00:00' */;
/*!40014 SET @OLD_FOREIGN_KEY_CHECKS=@@FOREIGN_KEY_CHECKS, FOREIGN_KEY_CHECKS=0 */;
/*!40101 SET @OLD_SQL_MODE=@@SQL_MODE, SQL_MODE='NO_AUTO_VALUE_ON_ZERO' */;
/*!40111 SET @OLD_SQL_NOTES=@@SQL_NOTES, SQL_NOTES=0 */;

-- Dumping data for table hotelia_db.accounts: ~12 rows (approximately)
REPLACE INTO `accounts` (`account_id`, `username`, `password`, `account_type`, `created_at`) VALUES
	(1, 'loki', '$2y$10$kwZPk4FdzMpFusU5qfu26eTyiFgI.YUy42ZB4vVQUDi7BN0Knjos2', 'guest', '2025-09-16 05:59:12'),
	(2, 'LokiMobile', '$2y$10$MEYg9zMvgkK9MQ.LAMc0t.cXL5kF7CqByyTAcewup2JehXTEl/j5O', 'guest', '2025-09-29 15:30:56'),
	(4, 'reception_staff', '$2y$10$92IXUNpkjO0rOQ5byMi.Ye4oKoEa3Ro9llC/.og/at2.uheWG/igi', 'staff', '2025-10-28 14:41:50'),
	(6, 'niel123', '$2y$10$VUadkOQUcbvxOdMLsgB1becZt6U7XAMDK3V2bb1rVOBI94GdkRTjy', 'guest', '2025-11-04 05:21:12'),
	(7, 'lokiit', '$2y$10$9Zw2a3vts.oLgt67hQd9x.mB9lE9vYINalHrg2nbXo22av6MSM8sa', 'guest', '2025-11-04 13:54:51'),
	(8, 'kd', '$2y$10$vqGnVkJmiD5JZdfQL0CI6eqc.4oiPyYIUU6veN1MV7fWcns7JdXTC', 'guest', '2025-11-05 03:17:47'),
	(9, 'alvin', '$2y$10$dROCyMOm82tfJmCQEv0xHOTb5fhFTl5pSTWMjWBl4YiU3uR/GGi6q', 'guest', '2025-11-05 03:20:38'),
	(10, 'waiter', '$2y$10$92IXUNpkjO0rOQ5byMi.Ye4oKoEa3Ro9llC/.og/at2.uheWG/igi', 'staff', '2026-01-05 08:13:21');
REPLACE INTO `accounts` (`account_id`, `username`, `password`, `account_type`, `created_at`) VALUES
	(12, 'kitchen', '$2y$10$92IXUNpkjO0rOQ5byMi.Ye4oKoEa3Ro9llC/.og/at2.uheWG/igi', 'staff', '2026-01-07 03:36:07'),
	(13, 'cashier', '$2y$10$92IXUNpkjO0rOQ5byMi.Ye4oKoEa3Ro9llC/.og/at2.uheWG/igi', 'staff', '2026-01-09 10:45:54'),
	(14, 'bj', '$2y$10$Z3PZqf22qGUv/k3LWC1osewbADNTogMdqGC/PLqTKULUEK/2MWIlW', 'guest', '2026-01-10 05:29:03'),
	(16, 'admin', '$2y$10$92IXUNpkjO0rOQ5byMi.Ye4oKoEa3Ro9llC/.og/at2.uheWG/igi', 'admin', '2026-01-16 14:13:30');

-- Dumping data for table hotelia_db.amenities: ~20 rows (approximately)
REPLACE INTO `amenities` (`amenity_id`, `name`, `icon`, `updated_at`) VALUES
	(5, 'WiFi', 'wifi', '2025-12-09 07:27:55');
REPLACE INTO `amenities` (`amenity_id`, `name`, `icon`, `updated_at`) VALUES
	(6, 'Air Conditioning', 'snowflake', '2025-12-09 07:27:55'),
	(7, 'Television', 'tv', '2025-12-09 07:27:55'),
	(8, 'Hot and Cold Shower', 'droplet', '2025-12-09 07:27:55'),
	(9, 'Refrigerator', 'fridge', '2025-12-09 07:27:55'),
	(10, 'Mini Bar', 'coffee', '2025-12-09 07:27:55'),
	(11, 'Towels', 'towel', '2025-12-09 07:27:55'),
	(12, 'Toiletries', 'soap', '2025-12-09 07:27:55'),
	(13, 'Wardrobe or Closet', 'hanger', '2025-12-09 07:27:55'),
	(14, 'Balcony or Terrace', 'sun', '2025-12-09 07:27:55'),
	(15, 'Desk and Chair', 'briefcase', '2025-12-09 07:27:55'),
	(16, 'Complimentary Breakfast', 'coffee-cup', '2025-12-09 07:27:55'),
	(17, 'Room Service', 'bell', '2025-12-09 07:27:55'),
	(18, 'Safety Deposit Box', 'shield', '2025-12-09 07:27:55'),
	(19, 'Electric Kettle', 'cup-saucer', '2025-12-09 07:27:55'),
	(20, 'Free Parking', 'car', '2025-12-09 07:27:55'),
	(21, '24-hour Reception', 'clock', '2025-12-09 07:27:55'),
	(22, 'Laundry Service', 'wash', '2025-12-09 07:27:55'),
	(23, 'Swimming Pool Access', 'waves', '2025-12-09 07:27:55'),
	(24, 'Fitness Gym Access', 'dumbbell', '2025-12-09 07:27:55');

-- Dumping data for table hotelia_db.bed_types: ~6 rows (approximately)
REPLACE INTO `bed_types` (`bed_type_id`, `name`) VALUES
	(10, 'Bunk Bed');
REPLACE INTO `bed_types` (`bed_type_id`, `name`) VALUES
	(7, 'Double Bed'),
	(9, 'King Bed'),
	(8, 'Queen Bed'),
	(5, 'Single Bed'),
	(6, 'Twin Bed');

-- Dumping data for table hotelia_db.billing_queue: ~0 rows (approximately)

-- Dumping data for table hotelia_db.bookings: ~9 rows (approximately)
REPLACE INTO `bookings` (`booking_id`, `reference_no`, `guest_id`, `check_in_date`, `check_out_date`, `nights`, `room_subtotal`, `extra_person_total`, `discount_amount`, `grand_total`, `status`, `created_at`, `tax_amount`, `updated_at`) VALUES
	(4, 'HTL251227-5659', 1, '2025-12-28 00:00:00', '2025-12-30 00:00:00', 2, 12000.00, 0.00, 0.00, 13440.00, 'checked_out', '2025-12-27 14:58:57', 1440.00, '2026-01-03 04:53:48');
REPLACE INTO `bookings` (`booking_id`, `reference_no`, `guest_id`, `check_in_date`, `check_out_date`, `nights`, `room_subtotal`, `extra_person_total`, `discount_amount`, `grand_total`, `status`, `created_at`, `tax_amount`, `updated_at`) VALUES
	(5, 'HTL260103-4671', 1, '2026-01-04 00:00:00', '2026-01-08 00:00:00', 4, 22000.00, 0.00, 0.00, 24640.00, 'checked_out', '2026-01-03 15:11:58', 2640.00, '2026-01-03 15:18:23'),
	(6, 'HTL260103-6532', 1, '2026-01-04 00:00:00', '2026-01-05 00:00:00', 1, 3200.00, 0.00, 0.00, 3584.00, 'checked_out', '2026-01-03 15:14:34', 384.00, '2026-01-04 08:22:46'),
	(7, 'HTL260104-3593', 1, '2026-01-04 00:00:00', '2026-01-05 00:00:00', 1, 3200.00, 0.00, 0.00, 3584.00, 'confirmed', '2026-01-04 07:43:27', 384.00, '2026-01-04 08:30:56'),
	(8, 'HTL260104-5039', 1, '2026-01-04 00:00:00', '2026-01-05 00:00:00', 1, 4000.00, 0.00, 0.00, 4480.00, 'pending_submission', '2026-01-04 07:44:44', 480.00, '2026-01-04 07:44:44'),
	(9, 'HTL260104-7140', 1, '2026-01-05 00:00:00', '2026-01-06 00:00:00', 1, 1500.00, 0.00, 0.00, 1680.00, 'pending_submission', '2026-01-04 14:00:08', 180.00, '2026-01-04 14:00:08'),
	(10, 'HTL260104-7347', 1, '2026-01-05 00:00:00', '2026-01-06 00:00:00', 1, 3500.00, 0.00, 0.00, 3920.00, 'pending_verification', '2026-01-04 14:30:34', 420.00, '2026-01-04 14:30:54'),
	(11, 'HTL260104-5174', 1, '2026-01-05 00:00:00', '2026-01-06 00:00:00', 1, 3500.00, 0.00, 0.00, 3920.00, 'pending_verification', '2026-01-04 15:29:53', 420.00, '2026-01-04 15:30:15'),
	(13, 'HTL260110-1126', 8, '2026-01-11 00:00:00', '2026-01-12 00:00:00', 1, 3145.00, 0.00, 0.00, 4322.40, 'checked_out', '2026-01-10 15:28:40', 509.40, '2026-01-16 11:45:36');

-- Dumping data for table hotelia_db.booking_items: ~11 rows (approximately)
REPLACE INTO `booking_items` (`booking_item_id`, `booking_id`, `room_type_id`, `room_id`, `assigned_at`, `assigned_by_staff`, `adults`, `children`, `room_rate_applied`, `extra_person_rate_applied`, `extra_persons`, `item_total`, `status`, `updated_at`) VALUES
	(10, 4, 4, 9, '2025-12-29 14:00:21', 2, 1, 2, 1500.00, 500.00, 1, 4000.00, 'checked_out', '2026-01-03 04:53:48');
REPLACE INTO `booking_items` (`booking_item_id`, `booking_id`, `room_type_id`, `room_id`, `assigned_at`, `assigned_by_staff`, `adults`, `children`, `room_rate_applied`, `extra_person_rate_applied`, `extra_persons`, `item_total`, `status`, `updated_at`) VALUES
	(11, 4, 4, 8, '2025-12-29 14:00:21', 2, 3, 0, 1500.00, 500.00, 1, 4000.00, 'checked_out', '2026-01-03 04:53:48'),
	(12, 4, 4, 9, '2025-12-29 14:00:21', 2, 1, 2, 1500.00, 500.00, 1, 4000.00, 'checked_out', '2026-01-03 04:53:48'),
	(13, 5, 10, 24, '2026-01-03 15:14:27', 2, 1, 1, 5500.00, 0.00, 0, 22000.00, 'checked_out', '2026-01-03 15:18:23'),
	(14, 6, 6, 15, '2026-01-04 07:50:25', 2, 1, 1, 3200.00, 0.00, 0, 3200.00, 'checked_out', '2026-01-04 08:22:46'),
	(15, 7, 6, NULL, NULL, NULL, 1, 1, 3200.00, 0.00, 0, 3200.00, 'confirmed', '2026-01-04 08:30:56'),
	(16, 8, 9, NULL, NULL, NULL, 1, 0, 4000.00, 0.00, 0, 4000.00, 'pending_submission', '2026-01-04 07:44:44'),
	(17, 9, 4, NULL, NULL, NULL, 1, 0, 1500.00, 500.00, 0, 1500.00, 'pending_submission', '2026-01-04 14:00:08'),
	(18, 10, 7, NULL, NULL, NULL, 3, 1, 3500.00, 0.00, 0, 3500.00, 'pending_submission', '2026-01-04 14:30:34'),
	(19, 11, 7, NULL, NULL, NULL, 2, 1, 3500.00, 0.00, 0, 3500.00, 'pending_submission', '2026-01-04 15:29:53'),
	(21, 13, 14, 10, '2026-01-10 15:29:56', 2, 1, 0, 800.00, 0.00, 0, 800.00, 'checked_out', '2026-01-16 11:45:36');

-- Dumping data for table hotelia_db.guests: ~7 rows (approximately)
REPLACE INTO `guests` (`guest_id`, `account_id`, `full_name`, `phone`, `email`, `guest_type`, `created_at`) VALUES
	(1, 1, 'Loki Baltazar', '09917344888', 'loki@gmail.com', 'room_guest', '2025-09-16 05:59:12');
REPLACE INTO `guests` (`guest_id`, `account_id`, `full_name`, `phone`, `email`, `guest_type`, `created_at`) VALUES
	(2, 2, 'Loki Mobile Test', '09146774461', 'lokimobile@gmail.com', 'room_guest', '2025-09-29 15:30:56'),
	(3, 6, 'niel alvin barangan', '09164424647', 'nielbars@gmail.com', 'room_guest', '2025-11-04 05:21:12'),
	(4, 7, 'lokiit jasjas', '09912334455', 'lokiit@gmail.com', 'room_guest', '2025-11-04 13:54:51'),
	(5, NULL, 'Rodolfo Antonio Baltazar', '09917344444', 'lckybaltazar@gmail.com', 'room_guest', '2025-11-04 14:58:34'),
	(6, 8, 'khyle sibucao', '09123456789', 'kd@a.com', 'room_guest', '2025-11-05 03:17:47'),
	(7, 9, 'alvin barangan', '09923096293', 'example@gmail.com', 'room_guest', '2025-11-05 03:20:38'),
	(8, 14, 'bj', '', 'cat@dog.com', 'room_guest', '2026-01-10 05:29:03');

-- Dumping data for table hotelia_db.guest_details: ~3 rows (approximately)
REPLACE INTO `guest_details` (`detail_id`, `guest_id`, `id_type`, `id_number`, `address`, `emergency_contact`, `emergency_contact_number`, `profile_picture`, `id_document_photo`) VALUES
	(8, 1, 'Philippine National ID (PhilSys)', '1111111111111111', 'Brgy 17 Sta. Asuncion, San Nicolas Ilocos Norte', 'Rodolfo Antonio Baltazar', '09111111111', '692fe4027e2eb_1764746242.png', '68ee4d34da455_1760447796.jpg');
REPLACE INTO `guest_details` (`detail_id`, `guest_id`, `id_type`, `id_number`, `address`, `emergency_contact`, `emergency_contact_number`, `profile_picture`, `id_document_photo`) VALUES
	(9, 2, 'Driver\'s License', 'A11-11-1234567', '', '', '', '68daa6cc46f31_1759160012.jpg', NULL),
	(10, 5, 'Driver\'s License', 'A66-32-615243', 'sitio 7', 'Rodolfo Antonio Baltazar', '09999999999', NULL, NULL);

-- Dumping data for table hotelia_db.inventory_categories: ~0 rows (approximately)

-- Dumping data for table hotelia_db.inventory_items: ~0 rows (approximately)

-- Dumping data for table hotelia_db.login_attempts: ~271 rows (approximately)
REPLACE INTO `login_attempts` (`id`, `username`, `ip_address`, `success`, `attempted_at`) VALUES
	(1, 'loki', '127.0.0.1', 1, '2025-09-16 05:59:18');
REPLACE INTO `login_attempts` (`id`, `username`, `ip_address`, `success`, `attempted_at`) VALUES
	(2, 'loki', '127.0.0.1', 1, '2025-09-16 12:01:50'),
	(3, 'loki', '127.0.0.1', 1, '2025-09-28 07:17:13'),
	(4, 'loki', '127.0.0.1', 1, '2025-09-28 08:38:19'),
	(5, 'loki', '127.0.0.1', 0, '2025-09-28 10:57:20'),
	(6, 'loki', '127.0.0.1', 1, '2025-09-28 10:57:29'),
	(7, 'loki', '127.0.0.1', 1, '2025-09-28 11:47:35'),
	(8, 'dsada', '127.0.0.1', 0, '2025-09-28 13:11:42'),
	(9, 'loki', '127.0.0.1', 1, '2025-09-28 13:34:33'),
	(10, 'loki', '127.0.0.1', 1, '2025-09-28 13:43:32'),
	(11, 'loki', '127.0.0.1', 1, '2025-09-29 05:17:26'),
	(12, 'loki', '127.0.0.1', 1, '2025-09-29 05:58:30'),
	(13, 'loki', '127.0.0.1', 1, '2025-09-29 14:49:14'),
	(14, 'LokiMobile', '192.168.0.100', 0, '2025-09-29 15:28:22'),
	(15, 'LokiMobile', '192.168.0.100', 1, '2025-09-29 15:31:13'),
	(16, 'loki', '127.0.0.1', 1, '2025-09-29 15:42:02'),
	(17, 'loki', '127.0.0.1', 1, '2025-09-30 13:04:00'),
	(18, 'loki', '127.0.0.1', 1, '2025-10-01 16:41:25'),
	(19, 'loki', '127.0.0.1', 1, '2025-10-01 18:57:43'),
	(20, 'loki', '127.0.0.1', 1, '2025-10-02 05:05:56'),
	(21, 'loki', '127.0.0.1', 0, '2025-10-02 06:36:01'),
	(22, 'loki', '127.0.0.1', 1, '2025-10-02 06:36:08'),
	(23, 'loki', '127.0.0.1', 1, '2025-10-03 05:14:19'),
	(24, 'loki', '127.0.0.1', 1, '2025-10-03 07:43:59'),
	(25, 'asdasdas', '127.0.0.1', 0, '2025-10-03 07:53:00'),
	(26, 'loki', '127.0.0.1', 1, '2025-10-03 07:53:12'),
	(27, 'LokiMobile', '192.168.0.100', 1, '2025-10-03 10:58:28'),
	(28, 'loki', '127.0.0.1', 0, '2025-10-03 15:05:03'),
	(29, 'loki', '127.0.0.1', 1, '2025-10-03 15:05:12'),
	(30, 'loki', '127.0.0.1', 0, '2025-10-03 18:08:43'),
	(31, 'loki', '127.0.0.1', 1, '2025-10-03 18:08:49'),
	(32, 'loki', '127.0.0.1', 1, '2025-10-03 19:52:06');
REPLACE INTO `login_attempts` (`id`, `username`, `ip_address`, `success`, `attempted_at`) VALUES
	(33, 'loki', '127.0.0.1', 1, '2025-10-05 15:11:00'),
	(34, 'loki', '127.0.0.1', 1, '2025-10-05 18:43:48'),
	(35, 'loki', '127.0.0.1', 1, '2025-10-06 05:44:26'),
	(36, 'loki', '127.0.0.1', 1, '2025-10-06 14:17:58'),
	(37, 'loki', '127.0.0.1', 1, '2025-10-07 14:40:55'),
	(38, 'loki', '127.0.0.1', 1, '2025-10-07 14:44:12'),
	(39, 'loki', '127.0.0.1', 1, '2025-10-07 14:59:15'),
	(40, 'loki', '127.0.0.1', 1, '2025-10-07 15:01:29'),
	(41, 'loki', '127.0.0.1', 1, '2025-10-07 15:16:45'),
	(42, 'loki', '127.0.0.1', 1, '2025-10-08 12:21:07'),
	(43, 'loki', '127.0.0.1', 1, '2025-10-08 14:50:04'),
	(44, 'loki', '127.0.0.1', 1, '2025-10-09 03:59:39'),
	(45, 'loki', '127.0.0.1', 1, '2025-10-09 07:47:13'),
	(46, 'loki', '127.0.0.1', 1, '2025-10-10 04:20:06'),
	(47, 'loki', '127.0.0.1', 1, '2025-10-10 10:25:43'),
	(48, 'loki', '127.0.0.1', 1, '2025-10-11 04:21:31'),
	(49, 'loki', '127.0.0.1', 1, '2025-10-11 05:44:23'),
	(50, 'loki', '127.0.0.1', 1, '2025-10-11 11:54:40'),
	(51, 'loki', '127.0.0.1', 1, '2025-10-12 13:31:00'),
	(52, 'loki', '127.0.0.1', 0, '2025-10-12 15:44:24'),
	(53, 'loki', '127.0.0.1', 1, '2025-10-12 15:44:31'),
	(54, 'loki', '127.0.0.1', 1, '2025-10-13 02:30:20'),
	(55, 'loki', '127.0.0.1', 1, '2025-10-13 05:04:01'),
	(56, 'loki', '127.0.0.1', 1, '2025-10-13 06:48:57'),
	(57, 'loki', '127.0.0.1', 0, '2025-10-13 13:22:24'),
	(58, 'loki', '127.0.0.1', 1, '2025-10-13 13:22:30'),
	(59, 'loki', '127.0.0.1', 1, '2025-10-13 16:54:15'),
	(60, 'loki', '127.0.0.1', 1, '2025-10-13 17:11:36'),
	(61, 'loki', '127.0.0.1', 1, '2025-10-14 04:32:31'),
	(62, 'loki', '127.0.0.1', 1, '2025-10-14 04:35:58'),
	(63, 'loki', '127.0.0.1', 1, '2025-10-14 07:59:29');
REPLACE INTO `login_attempts` (`id`, `username`, `ip_address`, `success`, `attempted_at`) VALUES
	(64, 'loki', '127.0.0.1', 1, '2025-10-14 11:41:39'),
	(65, 'loki', '192.168.0.102', 1, '2025-10-14 13:14:20'),
	(66, 'loki', '127.0.0.1', 1, '2025-10-14 15:48:18'),
	(67, 'loki', '127.0.0.1', 1, '2025-10-14 18:26:38'),
	(68, 'loki', '127.0.0.1', 1, '2025-10-15 08:09:35'),
	(69, 'loki', '127.0.0.1', 1, '2025-10-16 08:25:24'),
	(70, 'loki', '127.0.0.1', 1, '2025-10-17 04:40:37'),
	(71, 'loki', '127.0.0.1', 1, '2025-10-17 14:41:40'),
	(72, 'loki', '127.0.0.1', 1, '2025-10-18 05:52:05'),
	(73, 'loki', '127.0.0.1', 1, '2025-10-18 06:56:29'),
	(74, 'loki', '127.0.0.1', 0, '2025-10-18 12:17:15'),
	(75, 'loki', '127.0.0.1', 0, '2025-10-18 12:17:20'),
	(76, 'loki', '127.0.0.1', 1, '2025-10-18 12:17:30'),
	(77, 'loki', '127.0.0.1', 1, '2025-10-19 02:02:05'),
	(78, 'loki', '127.0.0.1', 1, '2025-10-19 06:03:23'),
	(79, 'loki', '127.0.0.1', 1, '2025-10-19 10:19:28'),
	(80, 'loki', '127.0.0.1', 1, '2025-10-19 15:08:11'),
	(81, 'loki', '127.0.0.1', 1, '2025-10-19 20:13:54'),
	(82, 'loki', '127.0.0.1', 0, '2025-10-19 20:21:39'),
	(83, 'loki', '127.0.0.1', 0, '2025-10-19 20:21:43'),
	(84, 'loki', '127.0.0.1', 1, '2025-10-19 20:21:53'),
	(85, 'loki', '127.0.0.1', 1, '2025-10-19 20:55:51'),
	(86, 'loki', '127.0.0.1', 1, '2025-10-19 20:56:40'),
	(87, 'loki', '127.0.0.1', 1, '2025-10-20 12:53:18'),
	(88, 'loki', '127.0.0.1', 1, '2025-10-21 10:45:25'),
	(89, 'loki', '127.0.0.1', 1, '2025-10-21 11:09:12'),
	(90, 'loki', '127.0.0.1', 1, '2025-10-21 14:09:02'),
	(91, 'loki', '127.0.0.1', 1, '2025-10-22 12:27:02'),
	(92, 'loki', '127.0.0.1', 1, '2025-10-22 13:50:38'),
	(93, 'loki', '127.0.0.1', 1, '2025-10-26 15:16:24'),
	(94, 'loki', '127.0.0.1', 1, '2025-10-26 18:28:15');
REPLACE INTO `login_attempts` (`id`, `username`, `ip_address`, `success`, `attempted_at`) VALUES
	(95, 'loki', '127.0.0.1', 1, '2025-10-27 04:51:32'),
	(96, 'loki', '127.0.0.1', 1, '2025-10-27 11:22:14'),
	(97, 'loki', '127.0.0.1', 1, '2025-10-27 13:27:49'),
	(98, 'loki', '127.0.0.1', 1, '2025-10-28 12:38:40'),
	(99, 'loki', '127.0.0.1', 1, '2025-10-28 14:12:20'),
	(100, 'reception1', '127.0.0.1', 0, '2025-10-28 14:27:45'),
	(101, 'reception1', '127.0.0.1', 0, '2025-10-28 14:28:10'),
	(102, 'reception1', '127.0.0.1', 0, '2025-10-28 14:36:13'),
	(103, 'reception1', '127.0.0.1', 0, '2025-10-28 14:36:26'),
	(104, 'reception_staff', '127.0.0.1', 0, '2025-10-28 14:46:44'),
	(105, 'reception_staff', '127.0.0.1', 0, '2025-10-28 14:46:55'),
	(106, 'reception_staff', '127.0.0.1', 0, '2025-10-28 14:47:13'),
	(107, 'reception_staff', '127.0.0.1', 0, '2025-10-28 14:48:52'),
	(108, 'reception_staff', '127.0.0.1', 0, '2025-10-28 14:49:06'),
	(109, 'loki', '127.0.0.1', 1, '2025-10-28 14:50:11'),
	(110, 'reception_staff', '127.0.0.1', 1, '2025-10-28 14:55:00'),
	(111, 'reception1', '127.0.0.1', 0, '2025-10-29 00:00:31'),
	(112, 'reception1', '127.0.0.1', 0, '2025-10-29 00:00:41'),
	(113, 'reception_staff', '127.0.0.1', 0, '2025-10-29 00:01:25'),
	(114, 'reception_staff', '127.0.0.1', 1, '2025-10-29 00:01:32'),
	(115, 'loki', '127.0.0.1', 1, '2025-10-29 02:39:05'),
	(116, 'reception_staff', '127.0.0.1', 1, '2025-10-29 13:19:23'),
	(117, 'reception_staff', '127.0.0.1', 1, '2025-10-30 00:54:42'),
	(118, 'loki', '127.0.0.1', 1, '2025-10-30 01:14:23'),
	(119, 'loki', '127.0.0.1', 1, '2025-10-30 03:28:53'),
	(120, 'reception_staff', '127.0.0.1', 1, '2025-10-30 08:29:17'),
	(121, 'loki', '127.0.0.1', 1, '2025-10-30 11:37:45'),
	(122, 'reception_staff', '127.0.0.1', 1, '2025-10-30 11:46:04');
REPLACE INTO `login_attempts` (`id`, `username`, `ip_address`, `success`, `attempted_at`) VALUES
	(123, 'loki', '127.0.0.1', 1, '2025-10-30 12:41:15'),
	(124, 'reception_staff', '127.0.0.1', 1, '2025-10-30 13:00:15'),
	(125, 'loki', '127.0.0.1', 1, '2025-10-30 23:03:36'),
	(126, 'reception_staff', '127.0.0.1', 1, '2025-10-30 23:04:23'),
	(127, 'loki', '127.0.0.1', 1, '2025-10-31 01:24:20'),
	(128, 'reception_staff', '127.0.0.1', 1, '2025-10-31 10:38:42'),
	(129, 'reception_staff', '127.0.0.1', 1, '2025-10-31 12:24:13'),
	(130, 'reception_staff', '127.0.0.1', 1, '2025-11-01 05:28:27'),
	(131, 'reception_staff', '127.0.0.1', 1, '2025-11-01 07:44:13'),
	(132, 'loki', '127.0.0.1', 1, '2025-11-01 08:37:52'),
	(133, 'reception_staff', '127.0.0.1', 1, '2025-11-03 03:11:30'),
	(134, 'reception_staff', '127.0.0.1', 1, '2025-11-03 05:29:40'),
	(135, 'reception_staff', '127.0.0.1', 1, '2025-11-04 03:42:19'),
	(136, 'loki', '127.0.0.1', 1, '2025-11-04 03:46:41'),
	(137, 'reception_staff', '127.0.0.1', 1, '2025-11-04 04:48:26'),
	(138, 'nielbars@gmail.com', '127.0.0.1', 0, '2025-11-04 05:21:29'),
	(139, 'nielbars@gmail.com', '127.0.0.1', 0, '2025-11-04 05:21:40'),
	(140, 'nielbars@gmail.com', '127.0.0.1', 0, '2025-11-04 05:23:04'),
	(141, 'loni', '127.0.0.1', 0, '2025-11-04 05:23:23'),
	(142, 'loni', '127.0.0.1', 0, '2025-11-04 05:23:33'),
	(143, 'loki', '127.0.0.1', 1, '2025-11-04 05:23:46'),
	(144, 'reception_staff', '127.0.0.1', 1, '2025-11-04 10:57:10'),
	(145, 'niel123', '127.0.0.1', 1, '2025-11-04 11:37:56'),
	(146, 'loki', '127.0.0.1', 1, '2025-11-04 12:04:39'),
	(147, 'reception_staff', '::1', 1, '2025-11-04 12:29:55'),
	(148, 'reception_staff', '::1', 1, '2025-11-04 12:38:37'),
	(149, 'lokiit', '127.0.0.1', 1, '2025-11-04 13:55:03'),
	(150, 'loki', '127.0.0.1', 1, '2025-11-04 14:43:16');
REPLACE INTO `login_attempts` (`id`, `username`, `ip_address`, `success`, `attempted_at`) VALUES
	(151, 'loki', '127.0.0.1', 1, '2025-11-04 15:19:24'),
	(152, 'reception_staff', '127.0.0.1', 1, '2025-11-04 15:20:42'),
	(153, 'kd@a.com', '::1', 0, '2025-11-05 03:18:01'),
	(154, 'kd@a.com', '::1', 0, '2025-11-05 03:18:12'),
	(155, 'example@gmail.com', '::1', 0, '2025-11-05 03:20:55'),
	(156, 'alvin', '::1', 1, '2025-11-05 03:23:59'),
	(157, 'reception_staff', '127.0.0.1', 1, '2025-11-05 03:27:22'),
	(158, 'loki', '127.0.0.1', 1, '2025-11-08 00:07:33'),
	(159, 'loki', '127.0.0.1', 1, '2025-11-08 07:09:59'),
	(160, 'reception_staff', '127.0.0.1', 1, '2025-11-08 07:16:03'),
	(161, 'loki', '127.0.0.1', 1, '2025-11-18 12:45:00'),
	(162, 'loki', '127.0.0.1', 1, '2025-11-18 12:50:42'),
	(163, 'loki', '127.0.0.1', 1, '2025-11-18 13:04:21'),
	(164, 'reception_staff', '127.0.0.1', 0, '2025-11-18 14:58:32'),
	(165, 'reception_staff', '127.0.0.1', 1, '2025-11-18 14:58:41'),
	(166, 'loki', '127.0.0.1', 1, '2025-12-03 02:27:50'),
	(167, 'lokia', '127.0.0.1', 0, '2025-12-03 07:25:30'),
	(168, 'loki', '127.0.0.1', 1, '2025-12-03 07:25:39'),
	(169, 'loki', '127.0.0.1', 1, '2025-12-03 13:23:07'),
	(170, 'loki', '127.0.0.1', 1, '2025-12-06 12:27:55'),
	(171, 'reception_staff', '127.0.0.1', 1, '2025-12-06 12:36:12'),
	(172, 'loki', '127.0.0.1', 1, '2025-12-06 14:23:39'),
	(173, 'loki', '127.0.0.1', 1, '2025-12-08 03:58:09'),
	(174, 'reception_staff', '127.0.0.1', 1, '2025-12-08 04:09:00'),
	(175, 'loki', '127.0.0.1', 1, '2025-12-08 06:09:06'),
	(176, 'reception_staff', '127.0.0.1', 1, '2025-12-08 06:46:59'),
	(177, 'loki', '127.0.0.1', 1, '2025-12-09 04:16:08'),
	(178, 'loki', '127.0.0.1', 1, '2025-12-09 04:23:48'),
	(179, 'loki', '127.0.0.1', 1, '2025-12-09 04:25:34');
REPLACE INTO `login_attempts` (`id`, `username`, `ip_address`, `success`, `attempted_at`) VALUES
	(180, 'loki', '127.0.0.1', 1, '2025-12-09 04:25:38'),
	(181, 'loki', '127.0.0.1', 1, '2025-12-09 04:25:42'),
	(182, 'loki', '127.0.0.1', 1, '2025-12-09 04:38:47'),
	(183, 'loki', '127.0.0.1', 1, '2025-12-09 04:43:03'),
	(184, 'loki', '127.0.0.1', 0, '2025-12-09 04:44:56'),
	(185, 'loki', '127.0.0.1', 0, '2025-12-09 04:45:09'),
	(186, 'loki', '127.0.0.1', 1, '2025-12-09 04:45:37'),
	(187, 'loki', '127.0.0.1', 1, '2025-12-09 04:47:55'),
	(188, 'loki', '127.0.0.1', 0, '2025-12-09 04:59:19'),
	(189, 'loki', '127.0.0.1', 1, '2025-12-09 04:59:29'),
	(190, 'loki', '127.0.0.1', 1, '2025-12-09 05:02:55'),
	(191, 'loki', '127.0.0.1', 1, '2025-12-09 06:30:19'),
	(192, 'loki', '127.0.0.1', 1, '2025-12-09 06:30:36'),
	(193, 'loki', '127.0.0.1', 1, '2025-12-09 10:56:31'),
	(194, 'loki', '127.0.0.1', 1, '2025-12-10 05:01:46'),
	(195, 'loki', '127.0.0.1', 1, '2025-12-10 14:52:12'),
	(196, 'loki', '127.0.0.1', 1, '2025-12-11 02:33:26'),
	(197, 'loki', '127.0.0.1', 1, '2025-12-11 11:31:51'),
	(198, 'loki', '127.0.0.1', 1, '2025-12-11 13:36:25'),
	(199, 'loki', '127.0.0.1', 1, '2025-12-12 04:45:49'),
	(200, 'loki', '127.0.0.1', 1, '2025-12-12 05:50:57'),
	(201, 'loki', '127.0.0.1', 1, '2025-12-12 11:34:48'),
	(202, 'loki', '127.0.0.1', 1, '2025-12-12 14:57:30'),
	(203, 'loki', '127.0.0.1', 1, '2025-12-13 04:11:57'),
	(204, 'loki', '127.0.0.1', 1, '2025-12-13 06:34:40'),
	(205, 'loki', '127.0.0.1', 1, '2025-12-13 10:59:09'),
	(206, 'loki', '127.0.0.1', 1, '2025-12-14 05:26:43'),
	(207, 'loki', '127.0.0.1', 1, '2025-12-14 11:39:19'),
	(208, 'loki', '127.0.0.1', 1, '2025-12-15 06:53:49'),
	(209, 'loki', '127.0.0.1', 1, '2025-12-15 11:46:40'),
	(210, 'loki', '127.0.0.1', 1, '2025-12-15 14:57:17');
REPLACE INTO `login_attempts` (`id`, `username`, `ip_address`, `success`, `attempted_at`) VALUES
	(211, 'loki', '127.0.0.1', 1, '2025-12-16 04:55:56'),
	(212, 'loki', '127.0.0.1', 0, '2025-12-16 12:16:59'),
	(213, 'loki', '127.0.0.1', 1, '2025-12-16 12:17:02'),
	(214, 'loki', '127.0.0.1', 1, '2025-12-17 12:55:31'),
	(215, 'loki', '127.0.0.1', 1, '2025-12-18 04:28:51'),
	(216, 'loki', '127.0.0.1', 1, '2025-12-18 05:34:27'),
	(217, 'loki', '127.0.0.1', 1, '2025-12-18 14:32:25'),
	(218, 'loki', '127.0.0.1', 1, '2025-12-18 16:57:37'),
	(219, 'loki', '127.0.0.1', 1, '2025-12-19 04:26:46'),
	(220, 'loki', '127.0.0.1', 1, '2025-12-19 05:38:21'),
	(221, 'loki', '127.0.0.1', 1, '2025-12-19 12:30:38'),
	(222, 'loki', '127.0.0.1', 1, '2025-12-19 19:32:29'),
	(223, 'loki', '127.0.0.1', 1, '2025-12-19 20:36:53'),
	(224, 'loki', '127.0.0.1', 1, '2025-12-20 02:42:09'),
	(225, 'loki', '127.0.0.1', 1, '2025-12-23 05:01:44'),
	(226, 'loki', '127.0.0.1', 1, '2025-12-25 03:35:28'),
	(227, 'loki', '127.0.0.1', 1, '2025-12-26 05:26:15'),
	(228, 'loki', '127.0.0.1', 1, '2025-12-26 13:26:23'),
	(229, 'loki', '127.0.0.1', 1, '2025-12-26 16:59:17'),
	(230, 'loki', '127.0.0.1', 1, '2025-12-27 11:08:00'),
	(231, 'loki', '127.0.0.1', 1, '2025-12-27 13:20:07'),
	(232, 'loki', '127.0.0.1', 1, '2025-12-28 02:16:57'),
	(233, 'reception_staff', '127.0.0.1', 1, '2025-12-28 02:18:04'),
	(234, 'loki', '127.0.0.1', 1, '2025-12-28 14:02:51'),
	(235, 'reception_staff', '127.0.0.1', 1, '2025-12-28 14:04:55'),
	(236, 'loki', '127.0.0.1', 1, '2025-12-28 17:02:03'),
	(237, 'reception_staff', '127.0.0.1', 1, '2025-12-28 18:25:33'),
	(238, 'reception_staff', '127.0.0.1', 1, '2025-12-28 19:01:16'),
	(239, 'reception_staff', '127.0.0.1', 1, '2025-12-29 02:53:30'),
	(240, 'reception_staff', '127.0.0.1', 1, '2025-12-29 06:26:04');
REPLACE INTO `login_attempts` (`id`, `username`, `ip_address`, `success`, `attempted_at`) VALUES
	(241, 'reception_staff', '127.0.0.1', 1, '2025-12-29 12:03:57'),
	(242, 'reception_staff', '127.0.0.1', 1, '2025-12-29 16:41:58'),
	(243, 'reception_staff', '127.0.0.1', 1, '2025-12-30 04:44:08'),
	(244, 'reception_staff', '127.0.0.1', 1, '2025-12-30 10:21:45'),
	(245, 'reception_staff', '127.0.0.1', 1, '2026-01-01 04:11:17'),
	(246, 'reception_staff', '127.0.0.1', 1, '2026-01-01 07:07:51'),
	(247, 'reception_staff', '127.0.0.1', 1, '2026-01-02 06:40:20'),
	(248, 'reception_staff', '127.0.0.1', 1, '2026-01-02 14:48:41'),
	(249, 'loki', '127.0.0.1', 1, '2026-01-02 15:55:00'),
	(250, 'reception_staff', '127.0.0.1', 1, '2026-01-03 01:32:34'),
	(251, 'reception_staff', '127.0.0.1', 1, '2026-01-03 07:09:06'),
	(252, 'reception_staff', '127.0.0.1', 1, '2026-01-03 12:14:07'),
	(253, 'reception_staff', '192.168.0.122', 1, '2026-01-03 13:08:10'),
	(254, 'loki', '192.168.0.122', 1, '2026-01-03 13:09:51'),
	(255, 'loki', '10.59.100.12', 1, '2026-01-03 15:01:56'),
	(256, 'reception_staff', '10.59.100.41', 1, '2026-01-03 15:05:25'),
	(257, 'reception_staff', '10.59.100.158', 1, '2026-01-03 15:19:23'),
	(258, 'reception_staff', '::1', 1, '2026-01-03 16:19:32'),
	(259, 'reception_staff', '::1', 0, '2026-01-04 06:06:39'),
	(260, 'reception_staff', '::1', 0, '2026-01-04 06:23:29'),
	(261, 'reception_staff', '::1', 0, '2026-01-04 07:23:42'),
	(262, 'reception_staff', '::1', 1, '2026-01-04 07:23:48'),
	(263, 'Loki', '10.59.100.41', 1, '2026-01-04 07:42:19'),
	(264, 'loki', '10.59.100.208', 1, '2026-01-04 13:57:37'),
	(265, 'Loki', '10.59.100.41', 1, '2026-01-04 14:28:08'),
	(266, 'reception_staff', '::1', 0, '2026-01-04 14:30:02'),
	(267, 'reception_staff', '::1', 1, '2026-01-04 14:30:09');
REPLACE INTO `login_attempts` (`id`, `username`, `ip_address`, `success`, `attempted_at`) VALUES
	(268, 'reception_staff', '::1', 1, '2026-01-05 03:40:14'),
	(269, 'reception_staff', '::1', 1, '2026-01-05 08:06:33'),
	(270, 'reception_staff', '::1', 1, '2026-01-05 08:14:56'),
	(271, 'waiter', '::1', 1, '2026-01-05 08:15:32'),
	(272, 'waiter', '::1', 1, '2026-01-05 08:42:28'),
	(273, 'waiter', '::1', 1, '2026-01-05 08:52:34'),
	(274, 'waiter', '::1', 1, '2026-01-05 08:56:51'),
	(275, 'waiter', '::1', 1, '2026-01-05 09:02:44'),
	(276, 'waiter', '::1', 1, '2026-01-05 09:03:52'),
	(277, 'waiter', '::1', 1, '2026-01-06 12:03:38'),
	(278, 'waiter', '::1', 1, '2026-01-07 01:35:00'),
	(279, 'kitchen', '::1', 1, '2026-01-07 03:37:15'),
	(280, 'kitchen', '::1', 1, '2026-01-07 04:03:10'),
	(281, 'waiter', '::1', 1, '2026-01-07 04:03:28'),
	(282, 'kitchen', '::1', 1, '2026-01-07 04:04:12'),
	(283, 'kitchen', '::1', 1, '2026-01-07 12:15:21'),
	(284, 'waiter', '::1', 0, '2026-01-07 12:39:53'),
	(285, 'waiter', '::1', 1, '2026-01-07 12:39:58'),
	(286, 'kitchen', '::1', 1, '2026-01-07 12:51:48'),
	(287, 'waiter', '::1', 1, '2026-01-07 12:52:08'),
	(288, 'kitchen', '::1', 1, '2026-01-07 13:17:52'),
	(289, 'waiter', '::1', 1, '2026-01-07 13:19:01'),
	(290, 'kitchen', '::1', 1, '2026-01-07 13:35:42'),
	(291, 'waiter', '::1', 1, '2026-01-07 14:01:21'),
	(292, 'kitchen', '::1', 1, '2026-01-09 05:40:33'),
	(293, 'waiter', '::1', 1, '2026-01-09 06:04:12'),
	(294, 'waiter', '::1', 1, '2026-01-09 10:36:53'),
	(295, 'kitchen', '::1', 1, '2026-01-09 10:42:02'),
	(296, 'cashier', '::1', 1, '2026-01-09 10:46:25'),
	(297, 'cashier', '::1', 1, '2026-01-09 12:12:44'),
	(298, 'waiter', '::1', 1, '2026-01-09 14:40:10'),
	(299, 'cashier', '::1', 1, '2026-01-09 14:42:47');
REPLACE INTO `login_attempts` (`id`, `username`, `ip_address`, `success`, `attempted_at`) VALUES
	(300, 'waiter', '::1', 1, '2026-01-09 15:30:02'),
	(301, 'waiter', '::1', 1, '2026-01-09 16:16:19'),
	(302, 'waiter', '::1', 1, '2026-01-09 16:41:02'),
	(303, 'waiter', '::1', 1, '2026-01-09 16:41:51'),
	(304, 'waiter', '::1', 1, '2026-01-09 16:50:55'),
	(305, 'waiter', '::1', 1, '2026-01-09 17:06:40'),
	(306, 'waiter', '::1', 1, '2026-01-10 04:28:04'),
	(307, 'cashier', '::1', 1, '2026-01-10 04:28:43'),
	(308, 'kitchen', '::1', 1, '2026-01-10 04:36:56'),
	(309, 'cashier', '::1', 1, '2026-01-10 04:38:55'),
	(310, 'waiter', '::1', 1, '2026-01-10 05:16:13'),
	(311, 'bj', '::1', 0, '2026-01-10 05:28:29'),
	(312, 'bj', '::1', 1, '2026-01-10 05:29:09'),
	(313, 'reception', '::1', 0, '2026-01-10 05:39:57'),
	(314, 'reception_staff', '::1', 1, '2026-01-10 05:40:19'),
	(315, 'waiter', '::1', 1, '2026-01-10 05:44:21'),
	(316, 'kitchen', '::1', 1, '2026-01-10 05:46:34'),
	(317, 'cashier', '::1', 1, '2026-01-10 05:46:59'),
	(318, 'bj', '::1', 1, '2026-01-10 05:52:38'),
	(319, 'waiter', '::1', 1, '2026-01-10 06:40:01'),
	(320, 'kitchen', '::1', 1, '2026-01-10 06:42:08'),
	(321, 'cashier', '::1', 1, '2026-01-10 06:42:53'),
	(322, 'bj', '::1', 1, '2026-01-10 06:55:21'),
	(323, 'cashier', '::1', 1, '2026-01-10 06:56:25'),
	(324, 'cashier', '::1', 1, '2026-01-10 07:38:06'),
	(325, 'waiter', '::1', 1, '2026-01-10 07:39:27'),
	(326, 'cashier', '::1', 1, '2026-01-10 07:52:12'),
	(327, 'waiter', '::1', 1, '2026-01-10 07:56:49'),
	(328, 'cashier', '::1', 1, '2026-01-10 07:57:22'),
	(329, 'waiter', '::1', 1, '2026-01-10 08:01:24'),
	(330, 'cashier', '::1', 1, '2026-01-10 08:01:53'),
	(331, 'waiter', '::1', 1, '2026-01-10 08:06:29'),
	(332, 'cashier', '::1', 1, '2026-01-10 08:27:16');
REPLACE INTO `login_attempts` (`id`, `username`, `ip_address`, `success`, `attempted_at`) VALUES
	(333, 'waiter', '::1', 1, '2026-01-10 08:28:07'),
	(334, 'cashier', '::1', 1, '2026-01-10 08:28:43'),
	(335, 'cashier', '::1', 1, '2026-01-10 13:07:18'),
	(336, 'waiter', '::1', 1, '2026-01-10 13:13:48'),
	(337, 'waiter', '::1', 1, '2026-01-10 13:14:42'),
	(338, 'kitchen', '::1', 0, '2026-01-10 13:15:34'),
	(339, 'kitchen', '::1', 1, '2026-01-10 13:15:39'),
	(340, 'cashier', '::1', 1, '2026-01-10 13:16:23'),
	(341, 'bj', '::1', 1, '2026-01-10 13:19:50'),
	(342, 'waiter', '::1', 1, '2026-01-10 13:24:29'),
	(343, 'bj', '::1', 1, '2026-01-10 14:03:49'),
	(344, 'bj', '::1', 1, '2026-01-10 15:08:05'),
	(345, 'reception_staff', '::1', 1, '2026-01-10 15:27:11'),
	(346, 'bj', '::1', 1, '2026-01-10 15:27:39'),
	(347, 'reception_staff', '::1', 1, '2026-01-10 15:29:16'),
	(348, 'bj', '::1', 1, '2026-01-10 15:30:20'),
	(349, 'waiter', '::1', 1, '2026-01-10 15:31:27'),
	(350, 'cashier', '::1', 1, '2026-01-10 15:32:06'),
	(351, 'kitchen', '::1', 1, '2026-01-10 15:56:44'),
	(352, 'cashier', '::1', 1, '2026-01-10 16:07:34'),
	(353, 'bj', '::1', 1, '2026-01-10 16:34:55'),
	(354, 'waiter', '::1', 1, '2026-01-10 16:39:47'),
	(355, 'cashier', '::1', 1, '2026-01-10 16:40:57'),
	(356, 'bj', '::1', 1, '2026-01-16 07:57:35'),
	(357, 'reception_staff', '::1', 1, '2026-01-16 07:59:03'),
	(358, 'cashier', '::1', 1, '2026-01-16 07:59:31'),
	(359, 'waiter', '::1', 1, '2026-01-16 08:58:34'),
	(360, 'kitchen', '::1', 1, '2026-01-16 08:59:17'),
	(361, 'cashier', '::1', 1, '2026-01-16 08:59:40'),
	(362, 'bj', '::1', 1, '2026-01-16 11:40:26'),
	(363, 'reception_staff', '::1', 1, '2026-01-16 11:44:38'),
	(364, 'admin', '::1', 0, '2026-01-16 13:35:13'),
	(365, 'admin', '::1', 0, '2026-01-16 13:50:38');
REPLACE INTO `login_attempts` (`id`, `username`, `ip_address`, `success`, `attempted_at`) VALUES
	(366, 'admin', '::1', 0, '2026-01-16 13:50:42'),
	(367, 'admin', '::1', 0, '2026-01-16 13:52:12'),
	(368, 'admin', '::1', 0, '2026-01-16 14:13:48'),
	(369, 'admin', '::1', 0, '2026-01-16 14:14:01'),
	(370, 'admin', '::1', 0, '2026-01-16 14:15:36'),
	(371, 'admin', '::1', 0, '2026-01-16 14:15:39'),
	(372, 'admin', '::1', 0, '2026-01-16 14:16:12'),
	(373, 'admin', '::1', 0, '2026-01-16 14:17:00'),
	(374, 'admin', '::1', 0, '2026-01-16 14:18:05'),
	(375, 'admin', '::1', 0, '2026-01-16 14:18:09');

-- Dumping data for table hotelia_db.menu_categories: ~5 rows (approximately)
REPLACE INTO `menu_categories` (`category_id`, `category_slug`, `category_name`, `icon_name`, `display_order`) VALUES
	(1, 'breakfast', 'Breakfast', 'coffee', 1);
REPLACE INTO `menu_categories` (`category_id`, `category_slug`, `category_name`, `icon_name`, `display_order`) VALUES
	(2, 'lunch', 'Lunch', 'utensils', 2),
	(3, 'dinner', 'Dinner', 'moon', 3),
	(4, 'desserts', 'Desserts', 'ice-cream', 4),
	(5, 'beverages', 'Beverages', 'cup-soda', 5);

-- Dumping data for table hotelia_db.menu_items: ~6 rows (approximately)
REPLACE INTO `menu_items` (`item_id`, `category_id`, `item_name`, `item_description`, `price`, `image_path`, `is_available`, `is_special`, `status`) VALUES
	(1, 2, 'Double McChicken Meal', NULL, 264.00, 'double_mcchicken.png', 1, 0, 'unavailable');
REPLACE INTO `menu_items` (`item_id`, `category_id`, `item_name`, `item_description`, `price`, `image_path`, `is_available`, `is_special`, `status`) VALUES
	(2, 2, 'Double Big Mac Meal', NULL, 346.00, 'double_bigmac.png', 1, 0, 'available'),
	(3, 2, 'The BCB Meal', NULL, 277.00, 'the_bcb.png', 1, 0, 'available'),
	(4, 2, 'Mega Meal - Chicken McDo w/ Fries & McFlurry', NULL, 234.00, 'mega_chicken_mcflurry.png', 1, 0, 'available'),
	(5, 2, 'Mega Meal - Chicken McDo w/ Fries & Burger McDo', NULL, 232.00, 'mega_chicken_burger.png', 1, 0, 'available'),
	(6, 1, 'itlog ng ostrich', NULL, 10.00, '', 1, 0, 'unavailable'),
	(7, 3, 'fit lechon', NULL, 100.00, 'lechon.jpg', 1, 0, 'available');

-- Dumping data for table hotelia_db.orders: ~36 rows (approximately)
REPLACE INTO `orders` (`order_id`, `table_number`, `waiter_id`, `total_amount`, `status`, `created_at`, `updated_at`, `billing_method`, `room_number`, `is_billed`, `order_source`, `billing_status`) VALUES
	(50, '1', 7, 100.00, 'delivered', '2026-01-16 16:22:24', '2026-01-16 16:24:01', 'room', 'G104', 0, 'cashier', 'unpaid');
REPLACE INTO `orders` (`order_id`, `table_number`, `waiter_id`, `total_amount`, `status`, `created_at`, `updated_at`, `billing_method`, `room_number`, `is_billed`, `order_source`, `billing_status`) VALUES
	(51, '1', 7, 100.00, 'pending', '2026-01-16 16:36:23', '2026-01-16 16:36:23', 'room', 'G104', 1, 'cashier', 'unpaid'),
	(52, '1', 7, 100.00, 'delivered', '2026-01-16 16:54:39', '2026-01-16 16:54:39', 'room', 'G104', 0, 'cashier', 'unpaid'),
	(53, '1', 7, 957.00, 'delivered', '2026-01-16 16:55:16', '2026-01-16 16:55:16', 'room', 'G104', 0, 'cashier', 'unpaid'),
	(54, '10', 7, 888.00, 'delivered', '2026-01-16 16:55:57', '2026-01-16 16:55:57', 'room', 'G104', 0, 'cashier', 'unpaid'),
	(55, '1', 5, 700.00, 'delivered', '2026-01-16 16:58:55', '2026-01-16 17:17:41', 'room', 'G104', 0, 'waiter', 'unpaid');

-- Dumping data for table hotelia_db.order_items: ~35 rows (approximately)
REPLACE INTO `order_items` (`order_item_id`, `order_id`, `menu_item_id`, `quantity`, `price_at_order`, `notes`) VALUES
	(47, 50, 7, 1, 100.00, '');
REPLACE INTO `order_items` (`order_item_id`, `order_id`, `menu_item_id`, `quantity`, `price_at_order`, `notes`) VALUES
	(48, 51, 7, 1, 100.00, ''),
	(49, 52, 7, 1, 100.00, ''),
	(50, 53, 7, 1, 100.00, ''),
	(51, 53, 2, 1, 346.00, ''),
	(52, 53, 3, 1, 277.00, ''),
	(53, 53, 4, 1, 234.00, ''),
	(54, 54, 7, 1, 100.00, ''),
	(55, 54, 3, 2, 277.00, ''),
	(56, 54, 4, 1, 234.00, ''),
	(57, 55, 7, 7, 100.00, '');

-- Dumping data for table hotelia_db.payments: ~9 rows (approximately)
REPLACE INTO `payments` (`payment_id`, `booking_id`, `guest_id`, `payment_method_id`, `paid_amount`, `payment_reference`, `user_reference`, `verification_attempts`, `status`, `payment_date`, `processed_by_staff`, `receipt_number`, `verification_notes`, `verified_at`, `created_at`, `updated_at`) VALUES
	(4, 4, 1, 3, 6720.00, 'GC-251227-6A787', 'GC-251227-6A787', 0, 'completed', '2025-12-27 14:58:57', 2, 'PMY-20251229-A5857F', 'Sige boss', '2025-12-29 12:53:38', '2025-12-27 14:58:57', '2025-12-30 10:30:33');
REPLACE INTO `payments` (`payment_id`, `booking_id`, `guest_id`, `payment_method_id`, `paid_amount`, `payment_reference`, `user_reference`, `verification_attempts`, `status`, `payment_date`, `processed_by_staff`, `receipt_number`, `verification_notes`, `verified_at`, `created_at`, `updated_at`) VALUES
	(5, 5, 1, 3, 0.00, 'GC-260103-B6035', 'GC-260103-B6035', 0, 'completed', '2026-01-03 15:11:58', 2, 'PMY-030126-86BCE', 'Mayat bossing', '2026-01-03 23:14:04', '2026-01-03 15:11:58', '2026-01-03 15:14:04'),
	(6, 6, 1, 3, 1792.00, 'GC-260103-BFBA5', 'GC-260103-BFBA5', 0, 'completed', '2026-01-03 15:14:34', 2, 'PMY-040126-B9879', '', '2026-01-04 15:44:33', '2026-01-03 15:14:34', '2026-01-04 07:44:33'),
	(7, 7, 1, 3, 1792.00, 'GC-260104-5053D', 'GC-260104-5053D', 0, 'completed', '2026-01-04 07:43:27', 2, 'PMY-040126-FB5F1', '', '2026-01-04 16:30:56', '2026-01-04 07:43:27', '2026-01-04 08:30:56'),
	(8, 8, 1, 3, 4480.00, 'GC-260104-79ED8', 'GC-260104-79ED8', 0, 'pending_verification', '2026-01-04 07:44:44', NULL, NULL, NULL, NULL, '2026-01-04 07:44:44', '2026-01-04 07:44:57'),
	(9, 9, 1, 3, 840.00, 'GC-260104-EC99B', 'GC-260104-EC99B', 0, 'pending_verification', '2026-01-04 14:00:08', NULL, NULL, NULL, NULL, '2026-01-04 14:00:08', '2026-01-04 14:00:24'),
	(10, 10, 1, 3, 1960.00, 'GC-260104-2355B', 'GC-260104-2355B', 0, 'pending_verification', '2026-01-04 14:30:34', NULL, NULL, NULL, NULL, '2026-01-04 14:30:34', '2026-01-04 14:30:54'),
	(11, 11, 1, 3, 3920.00, 'GC-260104-12DF4', 'GC-260104-12DF4', 0, 'pending_verification', '2026-01-04 15:29:53', NULL, NULL, NULL, NULL, '2026-01-04 15:29:53', '2026-01-04 15:30:15'),
	(13, 13, 8, 3, 800.00, 'GC-260110-BD062', 'GC-260110-BD062', 0, 'completed', '2026-01-10 15:28:40', 2, 'PMY-100126-B9C31', '', '2026-01-10 23:29:24', '2026-01-10 15:28:40', '2026-01-10 15:29:24');

-- Dumping data for table hotelia_db.payment_methods: ~6 rows (approximately)
REPLACE INTO `payment_methods` (`method_id`, `method_code`, `method_name`, `icon`, `description`, `is_active`, `created_at`, `requires_gateway`, `gateway_type`, `instructions`) VALUES
	(1, 'credit_card', 'Credit Card', 'credit-card', 'Pay with Visa, MasterCard, or American Express', 1, '2025-10-16 13:16:50', 1, 'card', NULL);
REPLACE INTO `payment_methods` (`method_id`, `method_code`, `method_name`, `icon`, `description`, `is_active`, `created_at`, `requires_gateway`, `gateway_type`, `instructions`) VALUES
	(2, 'debit_card', 'Debit Card', 'credit-card', 'Pay with your debit card', 1, '2025-10-16 13:16:50', 1, 'card', NULL),
	(3, 'gcash', 'GCash', 'smartphone', 'Pay using GCash mobile wallet', 1, '2025-10-16 13:16:50', 1, 'ewallet', NULL),
	(4, 'paymaya', 'PayMaya', 'smartphone', 'Pay using PayMaya mobile wallet', 1, '2025-10-16 13:16:50', 1, 'ewallet', NULL),
	(5, 'bank_transfer', 'Bank Transfer', 'landmark', 'Direct bank transfer', 1, '2025-10-16 13:16:50', 0, 'bank', NULL),
	(6, 'cash', 'Cash', 'dollar-sign', 'Pay in cash at the hotel', 1, '2025-10-16 13:16:50', 0, 'cash', NULL);

-- Dumping data for table hotelia_db.payment_method_details: ~8 rows (approximately)
REPLACE INTO `payment_method_details` (`detail_id`, `payment_id`, `method_type`, `account_reference`, `authorization_code`, `gateway_response`, `created_at`) VALUES
	(1, 4, 'gcash', '09999999999', NULL, '{}', '2025-12-27 14:58:57');
REPLACE INTO `payment_method_details` (`detail_id`, `payment_id`, `method_type`, `account_reference`, `authorization_code`, `gateway_response`, `created_at`) VALUES
	(2, 5, 'gcash', '09123456789', NULL, '{}', '2026-01-03 15:11:58'),
	(3, 6, 'gcash', '09123456789', NULL, '{}', '2026-01-03 15:14:34'),
	(4, 7, 'gcash', '09123456789', NULL, '{}', '2026-01-04 07:43:27'),
	(5, 8, 'gcash', '09123456789', NULL, '{}', '2026-01-04 07:44:44'),
	(6, 9, 'gcash', '09666666666', NULL, '{}', '2026-01-04 14:00:08'),
	(7, 10, 'gcash', '09999999999', NULL, '{}', '2026-01-04 14:30:34'),
	(8, 11, 'gcash', '09999999999', NULL, '{}', '2026-01-04 15:29:53'),
	(10, 13, 'gcash', '09999999999', NULL, '{}', '2026-01-10 15:28:40');

-- Dumping data for table hotelia_db.pos_transactions: ~2 rows (approximately)
REPLACE INTO `pos_transactions` (`transaction_id`, `booking_id`, `reference_no`, `transaction_amount`, `payment_method_id`, `staff_id`, `processed_at`, `status`, `transaction_type`, `auth_code`, `receipt_number`, `payment_reference`) VALUES
	(1, 4, 'POS260103045348-1634', 6720.00, 6, NULL, '2026-01-03 04:53:48', 'completed', 'checkout_balance', NULL, NULL, NULL);
REPLACE INTO `pos_transactions` (`transaction_id`, `booking_id`, `reference_no`, `transaction_amount`, `payment_method_id`, `staff_id`, `processed_at`, `status`, `transaction_type`, `auth_code`, `receipt_number`, `payment_reference`) VALUES
	(2, 6, 'POS260104082230-1286', 1792.00, 6, NULL, '2026-01-04 08:22:30', 'completed', 'checkout_balance', NULL, NULL, NULL),
	(3, 13, 'POS260116114512-2652', 3522.40, 6, NULL, '2026-01-16 11:45:12', 'completed', 'checkout_balance', NULL, NULL, NULL);

-- Dumping data for table hotelia_db.refund_requests: ~0 rows (approximately)

-- Dumping data for table hotelia_db.request_updates: ~6 rows (approximately)
REPLACE INTO `request_updates` (`update_id`, `request_id`, `staff_id`, `note`, `status_change`, `created_at`) VALUES
	(1, 1, 2, 'Status changed to Assigned', 'Status changed to Assigned', '2026-01-02 16:05:00');
REPLACE INTO `request_updates` (`update_id`, `request_id`, `staff_id`, `note`, `status_change`, `created_at`) VALUES
	(2, 1, 2, 'Status changed to In Progress', 'Status changed to In Progress', '2026-01-02 16:41:15'),
	(3, 1, 2, 'Status changed to Completed', 'Status changed to Completed', '2026-01-02 16:50:02'),
	(4, 1, 2, 'Status changed to Done', 'Status changed to Done', '2026-01-02 17:24:14'),
	(5, 1, 2, 'Status changed to Done', 'Status changed to Done', '2026-01-02 17:56:18'),
	(6, 1, 2, 'Status changed to Assigned', 'Status changed to Assigned', '2026-01-02 18:02:12');

-- Dumping data for table hotelia_db.rooms: ~21 rows (approximately)
REPLACE INTO `rooms` (`room_id`, `room_number`, `floor`, `room_type_id`, `bed_type_id`, `view_type_id`, `capacity`, `max_extra`, `status`, `description`, `created_at`, `maintenance_status`, `updated_at`) VALUES
	(7, 'G101', 1, 4, 8, 7, 2, 1, 'occupied', 'Cozy standard room with garden view', '2025-10-06 05:32:56', 'good', '2026-01-02 15:59:28');
REPLACE INTO `rooms` (`room_id`, `room_number`, `floor`, `room_type_id`, `bed_type_id`, `view_type_id`, `capacity`, `max_extra`, `status`, `description`, `created_at`, `maintenance_status`, `updated_at`) VALUES
	(8, 'G102', 1, 4, 8, 11, 2, 1, 'available', 'Standard room with courtyard view', '2025-10-06 05:32:56', 'good', '2026-01-03 04:53:48'),
	(9, 'G103', 1, 4, 8, 6, 2, 1, 'available', 'Comfortable standard room with pool view', '2025-10-06 05:32:56', 'good', '2026-01-03 04:53:48'),
	(10, 'G104', 1, 14, 10, 11, 6, 0, 'available', 'Budget-friendly dormitory with 6 bunk beds', '2025-10-06 05:32:56', 'good', '2026-01-16 11:45:36'),
	(11, 'G105', 1, 14, 10, 11, 6, 0, 'occupied', 'Shared dormitory room, perfect for backpackers', '2025-10-06 05:32:56', 'good', '2026-01-02 15:58:32'),
	(12, '201', 2, 5, 8, 5, 2, 1, 'available', 'Spacious deluxe room with stunning sea view', '2025-10-06 05:32:56', 'good', '2025-12-09 07:27:55'),
	(13, '202', 2, 5, 8, 6, 2, 1, 'available', 'Deluxe room overlooking the pool', '2025-10-06 05:32:56', 'good', '2025-12-10 08:47:15'),
	(14, '203', 2, 5, 8, 10, 2, 1, 'available', 'Deluxe room with beautiful sunset view', '2025-10-06 05:32:56', 'good', '2025-12-09 07:27:55'),
	(15, '204', 2, 6, 9, 5, 2, 1, 'available', 'Executive room with premium sea view', '2025-10-06 05:32:56', 'good', '2026-01-04 08:22:46'),
	(16, '205', 2, 6, 9, 7, 2, 1, 'available', 'Executive room with garden view', '2025-10-06 05:32:56', 'good', '2025-12-09 07:27:55'),
	(17, '206', 2, 7, 7, 7, 4, 2, 'available', 'Large family room with garden view, sleeps up to 6', '2025-10-06 05:32:56', 'good', '2025-12-10 08:47:15'),
	(18, '207', 2, 7, 7, 6, 4, 2, 'available', 'Spacious family room with pool view', '2025-10-06 05:32:56', 'good', '2025-12-10 08:47:15');
REPLACE INTO `rooms` (`room_id`, `room_number`, `floor`, `room_type_id`, `bed_type_id`, `view_type_id`, `capacity`, `max_extra`, `status`, `description`, `created_at`, `maintenance_status`, `updated_at`) VALUES
	(19, '301', 3, 8, 9, 5, 2, 1, 'available', 'Elegant suite with panoramic sea view', '2025-10-06 05:32:56', 'good', '2025-12-09 07:27:55'),
	(20, '302', 3, 8, 9, 10, 2, 1, 'available', 'Luxurious suite with stunning sunset view', '2025-10-06 05:32:56', 'good', '2025-12-09 07:27:55'),
	(21, '303', 3, 9, 8, 5, 2, 1, 'available', 'Modern junior suite with sea view', '2025-10-06 05:32:56', 'good', '2025-12-10 08:47:15'),
	(22, '304', 3, 9, 8, 7, 2, 1, 'available', 'Junior suite with peaceful garden view', '2025-10-06 05:32:56', 'good', '2025-12-10 08:47:15'),
	(23, '305', 3, 10, 9, 5, 2, 1, 'available', 'Premium executive suite with sea view and work area', '2025-10-06 05:32:56', 'good', '2025-12-09 07:27:55'),
	(24, '306', 3, 10, 9, 10, 2, 1, 'reserved', 'Executive suite with magnificent sunset view', '2025-10-06 05:32:56', 'good', '2026-01-03 15:14:27'),
	(25, '307', 3, 11, 9, 5, 4, 2, 'available', 'Ultimate luxury presidential suite with panoramic sea view and private terrace', '2025-10-06 05:32:56', 'good', '2025-12-09 07:27:55'),
	(26, '308', 3, 12, 9, 10, 3, 2, 'available', 'Prestigious governor suite with sunset terrace and ocean breeze', '2025-10-06 05:32:56', 'good', '2025-12-09 07:27:55'),
	(27, '309', 3, 13, 9, 5, 3, 2, 'available', 'Exclusive mayor suite with sweeping sea and garden views', '2025-10-06 05:32:56', 'good', '2025-12-09 07:27:55');

-- Dumping data for table hotelia_db.room_amenities: ~0 rows (approximately)

-- Dumping data for table hotelia_db.room_rate_calendar: ~432 rows (approximately)
REPLACE INTO `room_rate_calendar` (`date`, `room_type_id`, `price`, `reason`, `updated_at`) VALUES
	('2025-02-14', 8, 2000.00, 'valentines', '2025-12-10 14:30:03');
REPLACE INTO `room_rate_calendar` (`date`, `room_type_id`, `price`, `reason`, `updated_at`) VALUES
	('2025-06-01', 4, 1500.00, 'summer', '2025-12-10 14:30:03'),
	('2025-06-01', 5, 2800.00, 'summer', '2025-12-10 14:30:03'),
	('2025-06-02', 4, 1500.00, 'summer', '2025-12-10 14:30:03'),
	('2025-06-02', 5, 2800.00, 'summer', '2025-12-10 14:30:03'),
	('2025-06-03', 4, 1500.00, 'summer', '2025-12-10 14:30:03'),
	('2025-06-03', 5, 2800.00, 'summer', '2025-12-10 14:30:03'),
	('2025-06-04', 4, 1500.00, 'summer', '2025-12-10 14:30:03'),
	('2025-06-04', 5, 2800.00, 'summer', '2025-12-10 14:30:03'),
	('2025-06-05', 4, 1500.00, 'summer', '2025-12-10 14:30:03'),
	('2025-06-05', 5, 2800.00, 'summer', '2025-12-10 14:30:03'),
	('2025-06-06', 4, 1500.00, 'summer', '2025-12-10 14:30:03'),
	('2025-06-06', 5, 2800.00, 'summer', '2025-12-10 14:30:03'),
	('2025-06-07', 4, 1500.00, 'summer', '2025-12-10 14:30:03'),
	('2025-06-07', 5, 2800.00, 'summer', '2025-12-10 14:30:03'),
	('2025-06-08', 4, 1500.00, 'summer', '2025-12-10 14:30:03'),
	('2025-06-08', 5, 2800.00, 'summer', '2025-12-10 14:30:03'),
	('2025-06-09', 4, 1500.00, 'summer', '2025-12-10 14:30:03'),
	('2025-06-09', 5, 2800.00, 'summer', '2025-12-10 14:30:03'),
	('2025-06-10', 4, 1500.00, 'summer', '2025-12-10 14:30:03'),
	('2025-06-10', 5, 2800.00, 'summer', '2025-12-10 14:30:03'),
	('2025-06-11', 4, 1500.00, 'summer', '2025-12-10 14:30:03'),
	('2025-06-11', 5, 2800.00, 'summer', '2025-12-10 14:30:03'),
	('2025-06-12', 4, 1500.00, 'summer', '2025-12-10 14:30:03'),
	('2025-06-12', 5, 2800.00, 'summer', '2025-12-10 14:30:03'),
	('2025-06-13', 4, 1500.00, 'summer', '2025-12-10 14:30:03'),
	('2025-06-13', 5, 2800.00, 'summer', '2025-12-10 14:30:03'),
	('2025-06-14', 4, 1500.00, 'summer', '2025-12-10 14:30:03');
REPLACE INTO `room_rate_calendar` (`date`, `room_type_id`, `price`, `reason`, `updated_at`) VALUES
	('2025-06-14', 5, 2800.00, 'summer', '2025-12-10 14:30:03'),
	('2025-06-15', 4, 1500.00, 'summer', '2025-12-10 14:30:03'),
	('2025-06-15', 5, 2800.00, 'summer', '2025-12-10 14:30:03'),
	('2025-06-16', 4, 1500.00, 'summer', '2025-12-10 14:30:03'),
	('2025-06-16', 5, 2800.00, 'summer', '2025-12-10 14:30:03'),
	('2025-06-17', 4, 1500.00, 'summer', '2025-12-10 14:30:03'),
	('2025-06-17', 5, 2800.00, 'summer', '2025-12-10 14:30:03'),
	('2025-06-18', 4, 1500.00, 'summer', '2025-12-10 14:30:03'),
	('2025-06-18', 5, 2800.00, 'summer', '2025-12-10 14:30:03'),
	('2025-06-19', 4, 1500.00, 'summer', '2025-12-10 14:30:03'),
	('2025-06-19', 5, 2800.00, 'summer', '2025-12-10 14:30:03'),
	('2025-06-20', 4, 1500.00, 'summer', '2025-12-10 14:30:03'),
	('2025-06-20', 5, 2800.00, 'summer', '2025-12-10 14:30:03'),
	('2025-06-21', 4, 1500.00, 'summer', '2025-12-10 14:30:03'),
	('2025-06-21', 5, 2800.00, 'summer', '2025-12-10 14:30:03'),
	('2025-06-22', 4, 1500.00, 'summer', '2025-12-10 14:30:03'),
	('2025-06-22', 5, 2800.00, 'summer', '2025-12-10 14:30:03'),
	('2025-06-23', 4, 1500.00, 'summer', '2025-12-10 14:30:03'),
	('2025-06-23', 5, 2800.00, 'summer', '2025-12-10 14:30:03'),
	('2025-06-24', 4, 1500.00, 'summer', '2025-12-10 14:30:03'),
	('2025-06-24', 5, 2800.00, 'summer', '2025-12-10 14:30:03'),
	('2025-06-25', 4, 1500.00, 'summer', '2025-12-10 14:30:03'),
	('2025-06-25', 5, 2800.00, 'summer', '2025-12-10 14:30:03'),
	('2025-06-26', 4, 1500.00, 'summer', '2025-12-10 14:30:03'),
	('2025-06-26', 5, 2800.00, 'summer', '2025-12-10 14:30:03'),
	('2025-06-27', 4, 1500.00, 'summer', '2025-12-10 14:30:03'),
	('2025-06-27', 5, 2800.00, 'summer', '2025-12-10 14:30:03');
REPLACE INTO `room_rate_calendar` (`date`, `room_type_id`, `price`, `reason`, `updated_at`) VALUES
	('2025-06-28', 4, 1500.00, 'summer', '2025-12-10 14:30:03'),
	('2025-06-28', 5, 2800.00, 'summer', '2025-12-10 14:30:03'),
	('2025-06-29', 4, 1500.00, 'summer', '2025-12-10 14:30:03'),
	('2025-06-29', 5, 2800.00, 'summer', '2025-12-10 14:30:03'),
	('2025-06-30', 4, 1500.00, 'summer', '2025-12-10 14:30:03'),
	('2025-06-30', 5, 2800.00, 'summer', '2025-12-10 14:30:03'),
	('2025-07-01', 4, 1500.00, 'summer', '2025-12-10 14:30:03'),
	('2025-07-01', 5, 2800.00, 'summer', '2025-12-10 14:30:03'),
	('2025-07-02', 4, 1500.00, 'summer', '2025-12-10 14:30:03'),
	('2025-07-02', 5, 2800.00, 'summer', '2025-12-10 14:30:03'),
	('2025-07-03', 4, 1500.00, 'summer', '2025-12-10 14:30:03'),
	('2025-07-03', 5, 2800.00, 'summer', '2025-12-10 14:30:03'),
	('2025-07-04', 4, 1500.00, 'summer', '2025-12-10 14:30:03'),
	('2025-07-04', 5, 2800.00, 'summer', '2025-12-10 14:30:03'),
	('2025-07-05', 4, 1500.00, 'summer', '2025-12-10 14:30:03'),
	('2025-07-05', 5, 2800.00, 'summer', '2025-12-10 14:30:03'),
	('2025-07-06', 4, 1500.00, 'summer', '2025-12-10 14:30:03'),
	('2025-07-06', 5, 2800.00, 'summer', '2025-12-10 14:30:03'),
	('2025-07-07', 4, 1500.00, 'summer', '2025-12-10 14:30:03'),
	('2025-07-07', 5, 2800.00, 'summer', '2025-12-10 14:30:03'),
	('2025-07-08', 4, 1500.00, 'summer', '2025-12-10 14:30:03'),
	('2025-07-08', 5, 2800.00, 'summer', '2025-12-10 14:30:03'),
	('2025-07-09', 4, 1500.00, 'summer', '2025-12-10 14:30:03'),
	('2025-07-09', 5, 2800.00, 'summer', '2025-12-10 14:30:03'),
	('2025-07-10', 4, 1500.00, 'summer', '2025-12-10 14:30:03'),
	('2025-07-10', 5, 2800.00, 'summer', '2025-12-10 14:30:03'),
	('2025-07-11', 4, 1500.00, 'summer', '2025-12-10 14:30:03');
REPLACE INTO `room_rate_calendar` (`date`, `room_type_id`, `price`, `reason`, `updated_at`) VALUES
	('2025-07-11', 5, 2800.00, 'summer', '2025-12-10 14:30:03'),
	('2025-07-12', 4, 1500.00, 'summer', '2025-12-10 14:30:03'),
	('2025-07-12', 5, 2800.00, 'summer', '2025-12-10 14:30:03'),
	('2025-07-13', 4, 1500.00, 'summer', '2025-12-10 14:30:03'),
	('2025-07-13', 5, 2800.00, 'summer', '2025-12-10 14:30:03'),
	('2025-07-14', 4, 1500.00, 'summer', '2025-12-10 14:30:03'),
	('2025-07-14', 5, 2800.00, 'summer', '2025-12-10 14:30:03'),
	('2025-07-15', 4, 1500.00, 'summer', '2025-12-10 14:30:03'),
	('2025-07-15', 5, 2800.00, 'summer', '2025-12-10 14:30:03'),
	('2025-07-16', 4, 1500.00, 'summer', '2025-12-10 14:30:03'),
	('2025-07-16', 5, 2800.00, 'summer', '2025-12-10 14:30:03'),
	('2025-07-17', 4, 1500.00, 'summer', '2025-12-10 14:30:03'),
	('2025-07-17', 5, 2800.00, 'summer', '2025-12-10 14:30:03'),
	('2025-07-18', 4, 1500.00, 'summer', '2025-12-10 14:30:03'),
	('2025-07-18', 5, 2800.00, 'summer', '2025-12-10 14:30:03'),
	('2025-07-19', 4, 1500.00, 'summer', '2025-12-10 14:30:03'),
	('2025-07-19', 5, 2800.00, 'summer', '2025-12-10 14:30:03'),
	('2025-07-20', 4, 1500.00, 'summer', '2025-12-10 14:30:03'),
	('2025-07-20', 5, 2800.00, 'summer', '2025-12-10 14:30:03'),
	('2025-07-21', 4, 1500.00, 'summer', '2025-12-10 14:30:03'),
	('2025-07-21', 5, 2800.00, 'summer', '2025-12-10 14:30:03'),
	('2025-07-22', 4, 1500.00, 'summer', '2025-12-10 14:30:03'),
	('2025-07-22', 5, 2800.00, 'summer', '2025-12-10 14:30:03'),
	('2025-07-23', 4, 1500.00, 'summer', '2025-12-10 14:30:03'),
	('2025-07-23', 5, 2800.00, 'summer', '2025-12-10 14:30:03'),
	('2025-07-24', 4, 1500.00, 'summer', '2025-12-10 14:30:03'),
	('2025-07-24', 5, 2800.00, 'summer', '2025-12-10 14:30:03');
REPLACE INTO `room_rate_calendar` (`date`, `room_type_id`, `price`, `reason`, `updated_at`) VALUES
	('2025-07-25', 4, 1500.00, 'summer', '2025-12-10 14:30:03'),
	('2025-07-25', 5, 2800.00, 'summer', '2025-12-10 14:30:03'),
	('2025-07-26', 4, 1500.00, 'summer', '2025-12-10 14:30:03'),
	('2025-07-26', 5, 2800.00, 'summer', '2025-12-10 14:30:03'),
	('2025-07-27', 4, 1500.00, 'summer', '2025-12-10 14:30:03'),
	('2025-07-27', 5, 2800.00, 'summer', '2025-12-10 14:30:03'),
	('2025-07-28', 4, 1500.00, 'summer', '2025-12-10 14:30:03'),
	('2025-07-28', 5, 2800.00, 'summer', '2025-12-10 14:30:03'),
	('2025-07-29', 4, 1500.00, 'summer', '2025-12-10 14:30:03'),
	('2025-07-29', 5, 2800.00, 'summer', '2025-12-10 14:30:03'),
	('2025-07-30', 4, 1500.00, 'summer', '2025-12-10 14:30:03'),
	('2025-07-30', 5, 2800.00, 'summer', '2025-12-10 14:30:03'),
	('2025-07-31', 4, 1500.00, 'summer', '2025-12-10 14:30:03'),
	('2025-07-31', 5, 2800.00, 'summer', '2025-12-10 14:30:03'),
	('2025-08-01', 4, 1500.00, 'summer', '2025-12-10 14:30:03'),
	('2025-08-01', 5, 2800.00, 'summer', '2025-12-10 14:30:03'),
	('2025-08-02', 4, 1500.00, 'summer', '2025-12-10 14:30:03'),
	('2025-08-02', 5, 2800.00, 'summer', '2025-12-10 14:30:03'),
	('2025-08-03', 4, 1500.00, 'summer', '2025-12-10 14:30:03'),
	('2025-08-03', 5, 2800.00, 'summer', '2025-12-10 14:30:03'),
	('2025-08-04', 4, 1500.00, 'summer', '2025-12-10 14:30:03'),
	('2025-08-04', 5, 2800.00, 'summer', '2025-12-10 14:30:03'),
	('2025-08-05', 4, 1500.00, 'summer', '2025-12-10 14:30:03'),
	('2025-08-05', 5, 2800.00, 'summer', '2025-12-10 14:30:03'),
	('2025-08-06', 4, 1500.00, 'summer', '2025-12-10 14:30:03'),
	('2025-08-06', 5, 2800.00, 'summer', '2025-12-10 14:30:03'),
	('2025-08-07', 4, 1500.00, 'summer', '2025-12-10 14:30:03');
REPLACE INTO `room_rate_calendar` (`date`, `room_type_id`, `price`, `reason`, `updated_at`) VALUES
	('2025-08-07', 5, 2800.00, 'summer', '2025-12-10 14:30:03'),
	('2025-08-08', 4, 1500.00, 'summer', '2025-12-10 14:30:03'),
	('2025-08-08', 5, 2800.00, 'summer', '2025-12-10 14:30:03'),
	('2025-08-09', 4, 1500.00, 'summer', '2025-12-10 14:30:03'),
	('2025-08-09', 5, 2800.00, 'summer', '2025-12-10 14:30:03'),
	('2025-08-10', 4, 1500.00, 'summer', '2025-12-10 14:30:03'),
	('2025-08-10', 5, 2800.00, 'summer', '2025-12-10 14:30:03'),
	('2025-08-11', 4, 1500.00, 'summer', '2025-12-10 14:30:03'),
	('2025-08-11', 5, 2800.00, 'summer', '2025-12-10 14:30:03'),
	('2025-08-12', 4, 1500.00, 'summer', '2025-12-10 14:30:03'),
	('2025-08-12', 5, 2800.00, 'summer', '2025-12-10 14:30:03'),
	('2025-08-13', 4, 1500.00, 'summer', '2025-12-10 14:30:03'),
	('2025-08-13', 5, 2800.00, 'summer', '2025-12-10 14:30:03'),
	('2025-08-14', 4, 1500.00, 'summer', '2025-12-10 14:30:03'),
	('2025-08-14', 5, 2800.00, 'summer', '2025-12-10 14:30:03'),
	('2025-08-15', 4, 1500.00, 'summer', '2025-12-10 14:30:03'),
	('2025-08-15', 5, 2800.00, 'summer', '2025-12-10 14:30:03'),
	('2025-08-16', 4, 1500.00, 'summer', '2025-12-10 14:30:03'),
	('2025-08-16', 5, 2800.00, 'summer', '2025-12-10 14:30:03'),
	('2025-08-17', 4, 1500.00, 'summer', '2025-12-10 14:30:03'),
	('2025-08-17', 5, 2800.00, 'summer', '2025-12-10 14:30:03'),
	('2025-08-18', 4, 1500.00, 'summer', '2025-12-10 14:30:03'),
	('2025-08-18', 5, 2800.00, 'summer', '2025-12-10 14:30:03'),
	('2025-08-19', 4, 1500.00, 'summer', '2025-12-10 14:30:03'),
	('2025-08-19', 5, 2800.00, 'summer', '2025-12-10 14:30:03'),
	('2025-08-20', 4, 1500.00, 'summer', '2025-12-10 14:30:03'),
	('2025-08-20', 5, 2800.00, 'summer', '2025-12-10 14:30:03');
REPLACE INTO `room_rate_calendar` (`date`, `room_type_id`, `price`, `reason`, `updated_at`) VALUES
	('2025-08-21', 4, 1500.00, 'summer', '2025-12-10 14:30:03'),
	('2025-08-21', 5, 2800.00, 'summer', '2025-12-10 14:30:03'),
	('2025-08-22', 4, 1500.00, 'summer', '2025-12-10 14:30:03'),
	('2025-08-22', 5, 2800.00, 'summer', '2025-12-10 14:30:03'),
	('2025-08-23', 4, 1500.00, 'summer', '2025-12-10 14:30:03'),
	('2025-08-23', 5, 2800.00, 'summer', '2025-12-10 14:30:03'),
	('2025-08-24', 4, 1500.00, 'summer', '2025-12-10 14:30:03'),
	('2025-08-24', 5, 2800.00, 'summer', '2025-12-10 14:30:03'),
	('2025-08-25', 4, 1500.00, 'summer', '2025-12-10 14:30:03'),
	('2025-08-25', 5, 2800.00, 'summer', '2025-12-10 14:30:03'),
	('2025-08-26', 4, 1500.00, 'summer', '2025-12-10 14:30:03'),
	('2025-08-26', 5, 2800.00, 'summer', '2025-12-10 14:30:03'),
	('2025-08-27', 4, 1500.00, 'summer', '2025-12-10 14:30:03'),
	('2025-08-27', 5, 2800.00, 'summer', '2025-12-10 14:30:03'),
	('2025-08-28', 4, 1500.00, 'summer', '2025-12-10 14:30:03'),
	('2025-08-28', 5, 2800.00, 'summer', '2025-12-10 14:30:03'),
	('2025-08-29', 4, 1500.00, 'summer', '2025-12-10 14:30:03'),
	('2025-08-29', 5, 2800.00, 'summer', '2025-12-10 14:30:03'),
	('2025-08-30', 4, 1500.00, 'summer', '2025-12-10 14:30:03'),
	('2025-08-30', 5, 2800.00, 'summer', '2025-12-10 14:30:03'),
	('2025-12-24', 4, 1800.00, 'christmas', '2025-12-10 14:30:03'),
	('2025-12-24', 5, 1800.00, 'christmas', '2025-12-10 14:30:03'),
	('2025-12-24', 6, 1800.00, 'christmas', '2025-12-10 14:30:03'),
	('2025-12-24', 7, 1800.00, 'christmas', '2025-12-10 14:30:03'),
	('2025-12-24', 8, 1800.00, 'christmas', '2025-12-10 14:30:03'),
	('2025-12-24', 9, 1800.00, 'christmas', '2025-12-10 14:30:03'),
	('2025-12-24', 10, 1800.00, 'christmas', '2025-12-10 14:30:03');
REPLACE INTO `room_rate_calendar` (`date`, `room_type_id`, `price`, `reason`, `updated_at`) VALUES
	('2025-12-24', 11, 1800.00, 'christmas', '2025-12-10 14:30:03'),
	('2025-12-24', 12, 1800.00, 'christmas', '2025-12-10 14:30:03'),
	('2025-12-24', 13, 1800.00, 'christmas', '2025-12-10 14:30:03'),
	('2025-12-24', 14, 1800.00, 'christmas', '2025-12-10 14:30:03'),
	('2025-12-25', 4, 1800.00, 'christmas', '2025-12-10 14:30:03'),
	('2025-12-25', 5, 1800.00, 'christmas', '2025-12-10 14:30:03'),
	('2025-12-25', 6, 1800.00, 'christmas', '2025-12-10 14:30:03'),
	('2025-12-25', 7, 1800.00, 'christmas', '2025-12-10 14:30:03'),
	('2025-12-25', 8, 1800.00, 'christmas', '2025-12-10 14:30:03'),
	('2025-12-25', 9, 1800.00, 'christmas', '2025-12-10 14:30:03'),
	('2025-12-25', 10, 1800.00, 'christmas', '2025-12-10 14:30:03'),
	('2025-12-25', 11, 1800.00, 'christmas', '2025-12-10 14:30:03'),
	('2025-12-25', 12, 1800.00, 'christmas', '2025-12-10 14:30:03'),
	('2025-12-25', 13, 1800.00, 'christmas', '2025-12-10 14:30:03'),
	('2025-12-25', 14, 1800.00, 'christmas', '2025-12-10 14:30:03'),
	('2025-12-26', 4, 1800.00, 'christmas', '2025-12-10 14:30:03'),
	('2025-12-26', 5, 1800.00, 'christmas', '2025-12-10 14:30:03'),
	('2025-12-26', 6, 1800.00, 'christmas', '2025-12-10 14:30:03'),
	('2025-12-26', 7, 1800.00, 'christmas', '2025-12-10 14:30:03'),
	('2025-12-26', 8, 1800.00, 'christmas', '2025-12-10 14:30:03'),
	('2025-12-26', 9, 1800.00, 'christmas', '2025-12-10 14:30:03'),
	('2025-12-26', 10, 1800.00, 'christmas', '2025-12-10 14:30:03'),
	('2025-12-26', 11, 1800.00, 'christmas', '2025-12-10 14:30:03'),
	('2025-12-26', 12, 1800.00, 'christmas', '2025-12-10 14:30:03'),
	('2025-12-26', 13, 1800.00, 'christmas', '2025-12-10 14:30:03'),
	('2025-12-26', 14, 1800.00, 'christmas', '2025-12-10 14:30:03');
REPLACE INTO `room_rate_calendar` (`date`, `room_type_id`, `price`, `reason`, `updated_at`) VALUES
	('2026-02-14', 8, 2000.00, 'valentines', '2025-12-10 14:30:03'),
	('2026-06-01', 4, 1500.00, 'summer', '2025-12-10 14:30:03'),
	('2026-06-01', 5, 2800.00, 'summer', '2025-12-10 14:30:03'),
	('2026-06-02', 4, 1500.00, 'summer', '2025-12-10 14:30:03'),
	('2026-06-02', 5, 2800.00, 'summer', '2025-12-10 14:30:03'),
	('2026-06-03', 4, 1500.00, 'summer', '2025-12-10 14:30:03'),
	('2026-06-03', 5, 2800.00, 'summer', '2025-12-10 14:30:03'),
	('2026-06-04', 4, 1500.00, 'summer', '2025-12-10 14:30:03'),
	('2026-06-04', 5, 2800.00, 'summer', '2025-12-10 14:30:03'),
	('2026-06-05', 4, 1500.00, 'summer', '2025-12-10 14:30:03'),
	('2026-06-05', 5, 2800.00, 'summer', '2025-12-10 14:30:03'),
	('2026-06-06', 4, 1500.00, 'summer', '2025-12-10 14:30:03'),
	('2026-06-06', 5, 2800.00, 'summer', '2025-12-10 14:30:03'),
	('2026-06-07', 4, 1500.00, 'summer', '2025-12-10 14:30:03'),
	('2026-06-07', 5, 2800.00, 'summer', '2025-12-10 14:30:03'),
	('2026-06-08', 4, 1500.00, 'summer', '2025-12-10 14:30:03'),
	('2026-06-08', 5, 2800.00, 'summer', '2025-12-10 14:30:03'),
	('2026-06-09', 4, 1500.00, 'summer', '2025-12-10 14:30:03'),
	('2026-06-09', 5, 2800.00, 'summer', '2025-12-10 14:30:03'),
	('2026-06-10', 4, 1500.00, 'summer', '2025-12-10 14:30:03'),
	('2026-06-10', 5, 2800.00, 'summer', '2025-12-10 14:30:03'),
	('2026-06-11', 4, 1500.00, 'summer', '2025-12-10 14:30:03'),
	('2026-06-11', 5, 2800.00, 'summer', '2025-12-10 14:30:03'),
	('2026-06-12', 4, 1500.00, 'summer', '2025-12-10 14:30:03'),
	('2026-06-12', 5, 2800.00, 'summer', '2025-12-10 14:30:03'),
	('2026-06-13', 4, 1500.00, 'summer', '2025-12-10 14:30:03'),
	('2026-06-13', 5, 2800.00, 'summer', '2025-12-10 14:30:03');
REPLACE INTO `room_rate_calendar` (`date`, `room_type_id`, `price`, `reason`, `updated_at`) VALUES
	('2026-06-14', 4, 1500.00, 'summer', '2025-12-10 14:30:03'),
	('2026-06-14', 5, 2800.00, 'summer', '2025-12-10 14:30:03'),
	('2026-06-15', 4, 1500.00, 'summer', '2025-12-10 14:30:03'),
	('2026-06-15', 5, 2800.00, 'summer', '2025-12-10 14:30:03'),
	('2026-06-16', 4, 1500.00, 'summer', '2025-12-10 14:30:03'),
	('2026-06-16', 5, 2800.00, 'summer', '2025-12-10 14:30:03'),
	('2026-06-17', 4, 1500.00, 'summer', '2025-12-10 14:30:03'),
	('2026-06-17', 5, 2800.00, 'summer', '2025-12-10 14:30:03'),
	('2026-06-18', 4, 1500.00, 'summer', '2025-12-10 14:30:03'),
	('2026-06-18', 5, 2800.00, 'summer', '2025-12-10 14:30:03'),
	('2026-06-19', 4, 1500.00, 'summer', '2025-12-10 14:30:03'),
	('2026-06-19', 5, 2800.00, 'summer', '2025-12-10 14:30:03'),
	('2026-06-20', 4, 1500.00, 'summer', '2025-12-10 14:30:03'),
	('2026-06-20', 5, 2800.00, 'summer', '2025-12-10 14:30:03'),
	('2026-06-21', 4, 1500.00, 'summer', '2025-12-10 14:30:03'),
	('2026-06-21', 5, 2800.00, 'summer', '2025-12-10 14:30:03'),
	('2026-06-22', 4, 1500.00, 'summer', '2025-12-10 14:30:03'),
	('2026-06-22', 5, 2800.00, 'summer', '2025-12-10 14:30:03'),
	('2026-06-23', 4, 1500.00, 'summer', '2025-12-10 14:30:03'),
	('2026-06-23', 5, 2800.00, 'summer', '2025-12-10 14:30:03'),
	('2026-06-24', 4, 1500.00, 'summer', '2025-12-10 14:30:03'),
	('2026-06-24', 5, 2800.00, 'summer', '2025-12-10 14:30:03'),
	('2026-06-25', 4, 1500.00, 'summer', '2025-12-10 14:30:03'),
	('2026-06-25', 5, 2800.00, 'summer', '2025-12-10 14:30:03'),
	('2026-06-26', 4, 1500.00, 'summer', '2025-12-10 14:30:03'),
	('2026-06-26', 5, 2800.00, 'summer', '2025-12-10 14:30:03'),
	('2026-06-27', 4, 1500.00, 'summer', '2025-12-10 14:30:03');
REPLACE INTO `room_rate_calendar` (`date`, `room_type_id`, `price`, `reason`, `updated_at`) VALUES
	('2026-06-27', 5, 2800.00, 'summer', '2025-12-10 14:30:03'),
	('2026-06-28', 4, 1500.00, 'summer', '2025-12-10 14:30:03'),
	('2026-06-28', 5, 2800.00, 'summer', '2025-12-10 14:30:03'),
	('2026-06-29', 4, 1500.00, 'summer', '2025-12-10 14:30:03'),
	('2026-06-29', 5, 2800.00, 'summer', '2025-12-10 14:30:03'),
	('2026-06-30', 4, 1500.00, 'summer', '2025-12-10 14:30:03'),
	('2026-06-30', 5, 2800.00, 'summer', '2025-12-10 14:30:03'),
	('2026-07-01', 4, 1500.00, 'summer', '2025-12-10 14:30:03'),
	('2026-07-01', 5, 2800.00, 'summer', '2025-12-10 14:30:03'),
	('2026-07-02', 4, 1500.00, 'summer', '2025-12-10 14:30:03'),
	('2026-07-02', 5, 2800.00, 'summer', '2025-12-10 14:30:03'),
	('2026-07-03', 4, 1500.00, 'summer', '2025-12-10 14:30:03'),
	('2026-07-03', 5, 2800.00, 'summer', '2025-12-10 14:30:03'),
	('2026-07-04', 4, 1500.00, 'summer', '2025-12-10 14:30:03'),
	('2026-07-04', 5, 2800.00, 'summer', '2025-12-10 14:30:03'),
	('2026-07-05', 4, 1500.00, 'summer', '2025-12-10 14:30:03'),
	('2026-07-05', 5, 2800.00, 'summer', '2025-12-10 14:30:03'),
	('2026-07-06', 4, 1500.00, 'summer', '2025-12-10 14:30:03'),
	('2026-07-06', 5, 2800.00, 'summer', '2025-12-10 14:30:03'),
	('2026-07-07', 4, 1500.00, 'summer', '2025-12-10 14:30:03'),
	('2026-07-07', 5, 2800.00, 'summer', '2025-12-10 14:30:03'),
	('2026-07-08', 4, 1500.00, 'summer', '2025-12-10 14:30:03'),
	('2026-07-08', 5, 2800.00, 'summer', '2025-12-10 14:30:03'),
	('2026-07-09', 4, 1500.00, 'summer', '2025-12-10 14:30:03'),
	('2026-07-09', 5, 2800.00, 'summer', '2025-12-10 14:30:03'),
	('2026-07-10', 4, 1500.00, 'summer', '2025-12-10 14:30:03'),
	('2026-07-10', 5, 2800.00, 'summer', '2025-12-10 14:30:03');
REPLACE INTO `room_rate_calendar` (`date`, `room_type_id`, `price`, `reason`, `updated_at`) VALUES
	('2026-07-11', 4, 1500.00, 'summer', '2025-12-10 14:30:03'),
	('2026-07-11', 5, 2800.00, 'summer', '2025-12-10 14:30:03'),
	('2026-07-12', 4, 1500.00, 'summer', '2025-12-10 14:30:03'),
	('2026-07-12', 5, 2800.00, 'summer', '2025-12-10 14:30:03'),
	('2026-07-13', 4, 1500.00, 'summer', '2025-12-10 14:30:03'),
	('2026-07-13', 5, 2800.00, 'summer', '2025-12-10 14:30:03'),
	('2026-07-14', 4, 1500.00, 'summer', '2025-12-10 14:30:03'),
	('2026-07-14', 5, 2800.00, 'summer', '2025-12-10 14:30:03'),
	('2026-07-15', 4, 1500.00, 'summer', '2025-12-10 14:30:03'),
	('2026-07-15', 5, 2800.00, 'summer', '2025-12-10 14:30:03'),
	('2026-07-16', 4, 1500.00, 'summer', '2025-12-10 14:30:03'),
	('2026-07-16', 5, 2800.00, 'summer', '2025-12-10 14:30:03'),
	('2026-07-17', 4, 1500.00, 'summer', '2025-12-10 14:30:03'),
	('2026-07-17', 5, 2800.00, 'summer', '2025-12-10 14:30:03'),
	('2026-07-18', 4, 1500.00, 'summer', '2025-12-10 14:30:03'),
	('2026-07-18', 5, 2800.00, 'summer', '2025-12-10 14:30:03'),
	('2026-07-19', 4, 1500.00, 'summer', '2025-12-10 14:30:03'),
	('2026-07-19', 5, 2800.00, 'summer', '2025-12-10 14:30:03'),
	('2026-07-20', 4, 1500.00, 'summer', '2025-12-10 14:30:03'),
	('2026-07-20', 5, 2800.00, 'summer', '2025-12-10 14:30:03'),
	('2026-07-21', 4, 1500.00, 'summer', '2025-12-10 14:30:03'),
	('2026-07-21', 5, 2800.00, 'summer', '2025-12-10 14:30:03'),
	('2026-07-22', 4, 1500.00, 'summer', '2025-12-10 14:30:03'),
	('2026-07-22', 5, 2800.00, 'summer', '2025-12-10 14:30:03'),
	('2026-07-23', 4, 1500.00, 'summer', '2025-12-10 14:30:03'),
	('2026-07-23', 5, 2800.00, 'summer', '2025-12-10 14:30:03'),
	('2026-07-24', 4, 1500.00, 'summer', '2025-12-10 14:30:03');
REPLACE INTO `room_rate_calendar` (`date`, `room_type_id`, `price`, `reason`, `updated_at`) VALUES
	('2026-07-24', 5, 2800.00, 'summer', '2025-12-10 14:30:03'),
	('2026-07-25', 4, 1500.00, 'summer', '2025-12-10 14:30:03'),
	('2026-07-25', 5, 2800.00, 'summer', '2025-12-10 14:30:03'),
	('2026-07-26', 4, 1500.00, 'summer', '2025-12-10 14:30:03'),
	('2026-07-26', 5, 2800.00, 'summer', '2025-12-10 14:30:03'),
	('2026-07-27', 4, 1500.00, 'summer', '2025-12-10 14:30:03'),
	('2026-07-27', 5, 2800.00, 'summer', '2025-12-10 14:30:03'),
	('2026-07-28', 4, 1500.00, 'summer', '2025-12-10 14:30:03'),
	('2026-07-28', 5, 2800.00, 'summer', '2025-12-10 14:30:03'),
	('2026-07-29', 4, 1500.00, 'summer', '2025-12-10 14:30:03'),
	('2026-07-29', 5, 2800.00, 'summer', '2025-12-10 14:30:03'),
	('2026-07-30', 4, 1500.00, 'summer', '2025-12-10 14:30:03'),
	('2026-07-30', 5, 2800.00, 'summer', '2025-12-10 14:30:03'),
	('2026-07-31', 4, 1500.00, 'summer', '2025-12-10 14:30:03'),
	('2026-07-31', 5, 2800.00, 'summer', '2025-12-10 14:30:03'),
	('2026-08-01', 4, 1500.00, 'summer', '2025-12-10 14:30:03'),
	('2026-08-01', 5, 2800.00, 'summer', '2025-12-10 14:30:03'),
	('2026-08-02', 4, 1500.00, 'summer', '2025-12-10 14:30:03'),
	('2026-08-02', 5, 2800.00, 'summer', '2025-12-10 14:30:03'),
	('2026-08-03', 4, 1500.00, 'summer', '2025-12-10 14:30:03'),
	('2026-08-03', 5, 2800.00, 'summer', '2025-12-10 14:30:03'),
	('2026-08-04', 4, 1500.00, 'summer', '2025-12-10 14:30:03'),
	('2026-08-04', 5, 2800.00, 'summer', '2025-12-10 14:30:03'),
	('2026-08-05', 4, 1500.00, 'summer', '2025-12-10 14:30:03'),
	('2026-08-05', 5, 2800.00, 'summer', '2025-12-10 14:30:03'),
	('2026-08-06', 4, 1500.00, 'summer', '2025-12-10 14:30:03'),
	('2026-08-06', 5, 2800.00, 'summer', '2025-12-10 14:30:03');
REPLACE INTO `room_rate_calendar` (`date`, `room_type_id`, `price`, `reason`, `updated_at`) VALUES
	('2026-08-07', 4, 1500.00, 'summer', '2025-12-10 14:30:03'),
	('2026-08-07', 5, 2800.00, 'summer', '2025-12-10 14:30:03'),
	('2026-08-08', 4, 1500.00, 'summer', '2025-12-10 14:30:03'),
	('2026-08-08', 5, 2800.00, 'summer', '2025-12-10 14:30:03'),
	('2026-08-09', 4, 1500.00, 'summer', '2025-12-10 14:30:03'),
	('2026-08-09', 5, 2800.00, 'summer', '2025-12-10 14:30:03'),
	('2026-08-10', 4, 1500.00, 'summer', '2025-12-10 14:30:03'),
	('2026-08-10', 5, 2800.00, 'summer', '2025-12-10 14:30:03'),
	('2026-08-11', 4, 1500.00, 'summer', '2025-12-10 14:30:03'),
	('2026-08-11', 5, 2800.00, 'summer', '2025-12-10 14:30:03'),
	('2026-08-12', 4, 1500.00, 'summer', '2025-12-10 14:30:03'),
	('2026-08-12', 5, 2800.00, 'summer', '2025-12-10 14:30:03'),
	('2026-08-13', 4, 1500.00, 'summer', '2025-12-10 14:30:03'),
	('2026-08-13', 5, 2800.00, 'summer', '2025-12-10 14:30:03'),
	('2026-08-14', 4, 1500.00, 'summer', '2025-12-10 14:30:03'),
	('2026-08-14', 5, 2800.00, 'summer', '2025-12-10 14:30:03'),
	('2026-08-15', 4, 1500.00, 'summer', '2025-12-10 14:30:03'),
	('2026-08-15', 5, 2800.00, 'summer', '2025-12-10 14:30:03'),
	('2026-08-16', 4, 1500.00, 'summer', '2025-12-10 14:30:03'),
	('2026-08-16', 5, 2800.00, 'summer', '2025-12-10 14:30:03'),
	('2026-08-17', 4, 1500.00, 'summer', '2025-12-10 14:30:03'),
	('2026-08-17', 5, 2800.00, 'summer', '2025-12-10 14:30:03'),
	('2026-08-18', 4, 1500.00, 'summer', '2025-12-10 14:30:03'),
	('2026-08-18', 5, 2800.00, 'summer', '2025-12-10 14:30:03'),
	('2026-08-19', 4, 1500.00, 'summer', '2025-12-10 14:30:03'),
	('2026-08-19', 5, 2800.00, 'summer', '2025-12-10 14:30:03'),
	('2026-08-20', 4, 1500.00, 'summer', '2025-12-10 14:30:03');
REPLACE INTO `room_rate_calendar` (`date`, `room_type_id`, `price`, `reason`, `updated_at`) VALUES
	('2026-08-20', 5, 2800.00, 'summer', '2025-12-10 14:30:03'),
	('2026-08-21', 4, 1500.00, 'summer', '2025-12-10 14:30:03'),
	('2026-08-21', 5, 2800.00, 'summer', '2025-12-10 14:30:03'),
	('2026-08-22', 4, 1500.00, 'summer', '2025-12-10 14:30:03'),
	('2026-08-22', 5, 2800.00, 'summer', '2025-12-10 14:30:03'),
	('2026-08-23', 4, 1500.00, 'summer', '2025-12-10 14:30:03'),
	('2026-08-23', 5, 2800.00, 'summer', '2025-12-10 14:30:03'),
	('2026-08-24', 4, 1500.00, 'summer', '2025-12-10 14:30:03'),
	('2026-08-24', 5, 2800.00, 'summer', '2025-12-10 14:30:03'),
	('2026-08-25', 4, 1500.00, 'summer', '2025-12-10 14:30:03'),
	('2026-08-25', 5, 2800.00, 'summer', '2025-12-10 14:30:03'),
	('2026-08-26', 4, 1500.00, 'summer', '2025-12-10 14:30:03'),
	('2026-08-26', 5, 2800.00, 'summer', '2025-12-10 14:30:03'),
	('2026-08-27', 4, 1500.00, 'summer', '2025-12-10 14:30:03'),
	('2026-08-27', 5, 2800.00, 'summer', '2025-12-10 14:30:03'),
	('2026-08-28', 4, 1500.00, 'summer', '2025-12-10 14:30:03'),
	('2026-08-28', 5, 2800.00, 'summer', '2025-12-10 14:30:03'),
	('2026-08-29', 4, 1500.00, 'summer', '2025-12-10 14:30:03'),
	('2026-08-29', 5, 2800.00, 'summer', '2025-12-10 14:30:03'),
	('2026-08-30', 4, 1500.00, 'summer', '2025-12-10 14:30:03'),
	('2026-08-30', 5, 2800.00, 'summer', '2025-12-10 14:30:03'),
	('2026-12-24', 4, 1800.00, 'christmas', '2025-12-10 14:30:03'),
	('2026-12-24', 5, 1800.00, 'christmas', '2025-12-10 14:30:03'),
	('2026-12-24', 6, 1800.00, 'christmas', '2025-12-10 14:30:03'),
	('2026-12-24', 7, 1800.00, 'christmas', '2025-12-10 14:30:03'),
	('2026-12-24', 8, 1800.00, 'christmas', '2025-12-10 14:30:03'),
	('2026-12-24', 9, 1800.00, 'christmas', '2025-12-10 14:30:03');
REPLACE INTO `room_rate_calendar` (`date`, `room_type_id`, `price`, `reason`, `updated_at`) VALUES
	('2026-12-24', 10, 1800.00, 'christmas', '2025-12-10 14:30:03'),
	('2026-12-24', 11, 1800.00, 'christmas', '2025-12-10 14:30:03'),
	('2026-12-24', 12, 1800.00, 'christmas', '2025-12-10 14:30:03'),
	('2026-12-24', 13, 1800.00, 'christmas', '2025-12-10 14:30:03'),
	('2026-12-24', 14, 1800.00, 'christmas', '2025-12-10 14:30:03'),
	('2026-12-25', 4, 1800.00, 'christmas', '2025-12-10 14:30:03'),
	('2026-12-25', 5, 1800.00, 'christmas', '2025-12-10 14:30:03'),
	('2026-12-25', 6, 1800.00, 'christmas', '2025-12-10 14:30:03'),
	('2026-12-25', 7, 1800.00, 'christmas', '2025-12-10 14:30:03'),
	('2026-12-25', 8, 1800.00, 'christmas', '2025-12-10 14:30:03'),
	('2026-12-25', 9, 1800.00, 'christmas', '2025-12-10 14:30:03'),
	('2026-12-25', 10, 1800.00, 'christmas', '2025-12-10 14:30:03'),
	('2026-12-25', 11, 1800.00, 'christmas', '2025-12-10 14:30:03'),
	('2026-12-25', 12, 1800.00, 'christmas', '2025-12-10 14:30:03'),
	('2026-12-25', 13, 1800.00, 'christmas', '2025-12-10 14:30:03'),
	('2026-12-25', 14, 1800.00, 'christmas', '2025-12-10 14:30:03'),
	('2026-12-26', 4, 1800.00, 'christmas', '2025-12-10 14:30:03'),
	('2026-12-26', 5, 1800.00, 'christmas', '2025-12-10 14:30:03'),
	('2026-12-26', 6, 1800.00, 'christmas', '2025-12-10 14:30:03'),
	('2026-12-26', 7, 1800.00, 'christmas', '2025-12-10 14:30:03'),
	('2026-12-26', 8, 1800.00, 'christmas', '2025-12-10 14:30:03'),
	('2026-12-26', 9, 1800.00, 'christmas', '2025-12-10 14:30:03'),
	('2026-12-26', 10, 1800.00, 'christmas', '2025-12-10 14:30:03'),
	('2026-12-26', 11, 1800.00, 'christmas', '2025-12-10 14:30:03'),
	('2026-12-26', 12, 1800.00, 'christmas', '2025-12-10 14:30:03'),
	('2026-12-26', 13, 1800.00, 'christmas', '2025-12-10 14:30:03');
REPLACE INTO `room_rate_calendar` (`date`, `room_type_id`, `price`, `reason`, `updated_at`) VALUES
	('2026-12-26', 14, 1800.00, 'christmas', '2025-12-10 14:30:03');

-- Dumping data for table hotelia_db.room_selections: ~0 rows (approximately)

-- Dumping data for table hotelia_db.room_selection_instances: ~0 rows (approximately)

-- Dumping data for table hotelia_db.room_types: ~11 rows (approximately)
REPLACE INTO `room_types` (`room_type_id`, `name`, `official_bed_type_id`, `base_price`, `extra_person_rate`, `description`, `updated_at`) VALUES
	(4, 'Standard Room', 8, 1500.00, 500.00, 'Comfortable and affordable rooms with essential amenities', '2025-12-12 12:22:37');
REPLACE INTO `room_types` (`room_type_id`, `name`, `official_bed_type_id`, `base_price`, `extra_person_rate`, `description`, `updated_at`) VALUES
	(5, 'Deluxe Room', 8, 2500.00, 0.00, 'Spacious rooms with premium amenities and beautiful views', '2025-12-10 08:46:59'),
	(6, 'Executive Room', 9, 3200.00, 0.00, 'Professional accommodations with work-friendly features', '2025-12-10 08:46:59'),
	(7, 'Family Room', 7, 3500.00, 0.00, 'Large rooms designed for families with extra space and comfort', '2025-12-10 08:46:59'),
	(8, 'Suite', 9, 4500.00, 0.00, 'Elegant suites with separate living areas and luxury amenities', '2025-12-10 15:48:43'),
	(9, 'Junior Suite', 8, 4000.00, 0.00, 'Compact suites offering luxury in a cozy space', '2025-12-10 08:46:59'),
	(10, 'Executive Suite', 9, 5500.00, 0.00, 'Premium suites with executive services and panoramic views', '2025-12-10 08:46:59'),
	(11, 'Presidential Suite', 9, 12000.00, 0.00, 'The ultimate in luxury with exclusive amenities and services', '2025-12-10 08:46:59'),
	(12, 'Governor Suite', 9, 10000.00, 0.00, 'Prestigious accommodations fit for dignitaries', '2025-12-10 08:46:59'),
	(13, 'Mayor Suite', 9, 9500.00, 0.00, 'Exclusive suites with VIP treatment and amenities', '2025-12-10 08:46:59'),
	(14, 'Dormitory Room', 10, 800.00, 0.00, 'Budget-friendly shared accommodations perfect for backpackers', '2025-12-10 08:46:59');

-- Dumping data for table hotelia_db.room_type_amenities: ~147 rows (approximately)
REPLACE INTO `room_type_amenities` (`room_type_id`, `amenity_id`) VALUES
	(4, 5);
REPLACE INTO `room_type_amenities` (`room_type_id`, `amenity_id`) VALUES
	(5, 5),
	(6, 5),
	(7, 5),
	(8, 5),
	(9, 5),
	(10, 5),
	(11, 5),
	(12, 5),
	(13, 5),
	(14, 5),
	(4, 6),
	(5, 6),
	(6, 6),
	(7, 6),
	(8, 6),
	(9, 6),
	(10, 6),
	(11, 6),
	(12, 6),
	(13, 6),
	(14, 6),
	(4, 7),
	(5, 7),
	(6, 7),
	(7, 7),
	(8, 7),
	(9, 7),
	(10, 7),
	(11, 7),
	(12, 7),
	(13, 7),
	(4, 8),
	(5, 8),
	(6, 8),
	(7, 8),
	(8, 8),
	(9, 8),
	(10, 8),
	(11, 8),
	(12, 8),
	(13, 8),
	(14, 8),
	(5, 9),
	(6, 9),
	(7, 9),
	(8, 9),
	(9, 9),
	(10, 9),
	(11, 9),
	(12, 9),
	(13, 9),
	(8, 10),
	(9, 10),
	(10, 10),
	(11, 10),
	(12, 10),
	(13, 10),
	(4, 11),
	(5, 11),
	(6, 11),
	(7, 11),
	(8, 11),
	(9, 11),
	(10, 11),
	(11, 11),
	(12, 11),
	(13, 11),
	(14, 11),
	(4, 12),
	(5, 12),
	(6, 12),
	(7, 12),
	(8, 12),
	(9, 12),
	(10, 12),
	(11, 12),
	(12, 12),
	(13, 12),
	(14, 12),
	(5, 13),
	(6, 13),
	(7, 13),
	(8, 13),
	(9, 13),
	(10, 13),
	(11, 13),
	(12, 13),
	(13, 13),
	(14, 13),
	(7, 14),
	(8, 14),
	(9, 14),
	(10, 14),
	(11, 14),
	(12, 14),
	(13, 14),
	(5, 15),
	(6, 15),
	(8, 15),
	(9, 15),
	(10, 15),
	(11, 15),
	(12, 15),
	(13, 15),
	(7, 16),
	(10, 16),
	(11, 16),
	(12, 16),
	(13, 16),
	(6, 17),
	(8, 17),
	(9, 17),
	(10, 17),
	(11, 17),
	(12, 17),
	(13, 17),
	(6, 18),
	(8, 18),
	(10, 18),
	(11, 18),
	(12, 18),
	(13, 18),
	(5, 19),
	(6, 19),
	(7, 19),
	(8, 19),
	(9, 19),
	(10, 19),
	(11, 19),
	(12, 19),
	(13, 19),
	(11, 20),
	(12, 20),
	(13, 20),
	(11, 21),
	(10, 22),
	(11, 22),
	(12, 22),
	(13, 22),
	(7, 23),
	(11, 23),
	(12, 23),
	(13, 23),
	(11, 24),
	(12, 24),
	(13, 24);

-- Dumping data for table hotelia_db.room_type_images: ~110 rows (approximately)
REPLACE INTO `room_type_images` (`image_id`, `room_type_id`, `image_filename`, `is_primary`, `display_order`, `created_at`, `updated_at`) VALUES
	(31, 4, 'standard_room_1.jpg', 1, 1, '2025-10-06 05:32:56', '2025-12-10 18:17:27');
REPLACE INTO `room_type_images` (`image_id`, `room_type_id`, `image_filename`, `is_primary`, `display_order`, `created_at`, `updated_at`) VALUES
	(32, 4, 'standard_room_2.jpg', 0, 2, '2025-10-06 05:32:56', '2025-12-09 07:27:55'),
	(33, 4, 'standard_room_3.jpg', 0, 3, '2025-10-06 05:32:56', '2025-12-09 07:27:55'),
	(34, 4, 'standard_room_4.jpg', 0, 4, '2025-10-06 05:32:56', '2025-12-09 07:27:55'),
	(35, 4, 'standard_room_5.jpg', 0, 5, '2025-10-06 05:32:56', '2025-12-09 07:27:55'),
	(36, 4, 'standard_room_6.jpg', 0, 6, '2025-10-06 05:32:56', '2025-12-09 07:27:55'),
	(37, 4, 'standard_room_7.jpg', 0, 7, '2025-10-06 05:32:56', '2025-12-09 07:27:55'),
	(38, 4, 'standard_room_8.jpg', 0, 8, '2025-10-06 05:32:56', '2025-12-09 07:27:55'),
	(39, 4, 'standard_room_9.jpg', 0, 9, '2025-10-06 05:32:56', '2025-12-09 07:27:55'),
	(40, 4, 'standard_room_10.jpg', 0, 10, '2025-10-06 05:32:56', '2025-12-09 07:27:55'),
	(41, 5, 'deluxe_room_1.jpg', 1, 1, '2025-10-06 05:32:56', '2025-12-09 07:27:55'),
	(42, 5, 'deluxe_room_2.jpg', 0, 2, '2025-10-06 05:32:56', '2025-12-09 07:27:55'),
	(43, 5, 'deluxe_room_3.jpg', 0, 3, '2025-10-06 05:32:56', '2025-12-09 07:27:55'),
	(44, 5, 'deluxe_room_4.jpg', 0, 4, '2025-10-06 05:32:56', '2025-12-09 07:27:55'),
	(45, 5, 'deluxe_room_5.jpg', 0, 5, '2025-10-06 05:32:56', '2025-12-09 07:27:55'),
	(46, 5, 'deluxe_room_6.jpg', 0, 6, '2025-10-06 05:32:56', '2025-12-09 07:27:55'),
	(47, 5, 'deluxe_room_7.jpg', 0, 7, '2025-10-06 05:32:56', '2025-12-09 07:27:55'),
	(48, 5, 'deluxe_room_8.jpg', 0, 8, '2025-10-06 05:32:56', '2025-12-09 07:27:55'),
	(49, 5, 'deluxe_room_9.jpg', 0, 9, '2025-10-06 05:32:56', '2025-12-09 07:27:55'),
	(50, 5, 'deluxe_room_10.jpg', 0, 10, '2025-10-06 05:32:56', '2025-12-09 07:27:55');
REPLACE INTO `room_type_images` (`image_id`, `room_type_id`, `image_filename`, `is_primary`, `display_order`, `created_at`, `updated_at`) VALUES
	(51, 6, 'executive_room_1.jpg', 1, 1, '2025-10-06 05:32:56', '2025-12-09 07:27:55'),
	(52, 6, 'executive_room_2.jpg', 0, 2, '2025-10-06 05:32:56', '2025-12-09 07:27:55'),
	(53, 6, 'executive_room_3.jpg', 0, 3, '2025-10-06 05:32:56', '2025-12-09 07:27:55'),
	(54, 6, 'executive_room_4.jpg', 0, 4, '2025-10-06 05:32:56', '2025-12-09 07:27:55'),
	(55, 6, 'executive_room_5.jpg', 0, 5, '2025-10-06 05:32:56', '2025-12-09 07:27:55'),
	(56, 6, 'executive_room_6.jpg', 0, 6, '2025-10-06 05:32:56', '2025-12-09 07:27:55'),
	(57, 6, 'executive_room_7.jpg', 0, 7, '2025-10-06 05:32:56', '2025-12-09 07:27:55'),
	(58, 6, 'executive_room_8.jpg', 0, 8, '2025-10-06 05:32:56', '2025-12-09 07:27:55'),
	(59, 6, 'executive_room_9.jpg', 0, 9, '2025-10-06 05:32:56', '2025-12-09 07:27:55'),
	(60, 6, 'executive_room_10.jpg', 0, 10, '2025-10-06 05:32:56', '2025-12-09 07:27:55'),
	(61, 7, 'family_room_1.jpg', 1, 1, '2025-10-06 05:32:56', '2025-12-09 07:27:55'),
	(62, 7, 'family_room_2.jpg', 0, 2, '2025-10-06 05:32:56', '2025-12-09 07:27:55'),
	(63, 7, 'family_room_3.jpg', 0, 3, '2025-10-06 05:32:56', '2025-12-09 07:27:55'),
	(64, 7, 'family_room_4.jpg', 0, 4, '2025-10-06 05:32:56', '2025-12-09 07:27:55'),
	(65, 7, 'family_room_5.jpg', 0, 5, '2025-10-06 05:32:56', '2025-12-09 07:27:55'),
	(66, 7, 'family_room_6.jpg', 0, 6, '2025-10-06 05:32:56', '2025-12-09 07:27:55'),
	(67, 7, 'family_room_7.jpg', 0, 7, '2025-10-06 05:32:56', '2025-12-09 07:27:55'),
	(68, 7, 'family_room_8.jpg', 0, 8, '2025-10-06 05:32:56', '2025-12-09 07:27:55'),
	(69, 7, 'family_room_9.jpg', 0, 9, '2025-10-06 05:32:56', '2025-12-09 07:27:55');
REPLACE INTO `room_type_images` (`image_id`, `room_type_id`, `image_filename`, `is_primary`, `display_order`, `created_at`, `updated_at`) VALUES
	(70, 7, 'family_room_10.jpg', 0, 10, '2025-10-06 05:32:56', '2025-12-09 07:27:55'),
	(71, 8, 'suite_1.jpg', 1, 1, '2025-10-06 05:32:56', '2025-12-09 07:27:55'),
	(72, 8, 'suite_2.jpg', 0, 2, '2025-10-06 05:32:56', '2025-12-09 07:27:55'),
	(73, 8, 'suite_3.jpg', 0, 3, '2025-10-06 05:32:56', '2025-12-09 07:27:55'),
	(74, 8, 'suite_4.jpg', 0, 4, '2025-10-06 05:32:56', '2025-12-09 07:27:55'),
	(75, 8, 'suite_5.jpg', 0, 5, '2025-10-06 05:32:56', '2025-12-09 07:27:55'),
	(76, 8, 'suite_6.jpg', 0, 6, '2025-10-06 05:32:56', '2025-12-09 07:27:55'),
	(77, 8, 'suite_7.jpg', 0, 7, '2025-10-06 05:32:56', '2025-12-09 07:27:55'),
	(78, 8, 'suite_8.jpg', 0, 8, '2025-10-06 05:32:56', '2025-12-09 07:27:55'),
	(79, 8, 'suite_9.jpg', 0, 9, '2025-10-06 05:32:56', '2025-12-09 07:27:55'),
	(80, 8, 'suite_10.jpg', 0, 10, '2025-10-06 05:32:56', '2025-12-09 07:27:55'),
	(81, 9, 'junior_suite_1.jpg', 1, 1, '2025-10-06 05:32:56', '2025-12-09 07:27:55'),
	(82, 9, 'junior_suite_2.jpg', 0, 2, '2025-10-06 05:32:56', '2025-12-09 07:27:55'),
	(83, 9, 'junior_suite_3.jpg', 0, 3, '2025-10-06 05:32:56', '2025-12-09 07:27:55'),
	(84, 9, 'junior_suite_4.jpg', 0, 4, '2025-10-06 05:32:56', '2025-12-09 07:27:55'),
	(85, 9, 'junior_suite_5.jpg', 0, 5, '2025-10-06 05:32:56', '2025-12-09 07:27:55'),
	(86, 9, 'junior_suite_6.jpg', 0, 6, '2025-10-06 05:32:56', '2025-12-09 07:27:55'),
	(87, 9, 'junior_suite_7.jpg', 0, 7, '2025-10-06 05:32:56', '2025-12-09 07:27:55'),
	(88, 9, 'junior_suite_8.jpg', 0, 8, '2025-10-06 05:32:56', '2025-12-09 07:27:55'),
	(89, 9, 'junior_suite_9.jpg', 0, 9, '2025-10-06 05:32:56', '2025-12-09 07:27:55');
REPLACE INTO `room_type_images` (`image_id`, `room_type_id`, `image_filename`, `is_primary`, `display_order`, `created_at`, `updated_at`) VALUES
	(90, 9, 'junior_suite_10.jpg', 0, 10, '2025-10-06 05:32:56', '2025-12-09 07:27:55'),
	(91, 10, 'executive_suite_1.jpg', 1, 1, '2025-10-06 05:32:56', '2025-12-09 07:27:55'),
	(92, 10, 'executive_suite_2.jpg', 0, 2, '2025-10-06 05:32:56', '2025-12-09 07:27:55'),
	(93, 10, 'executive_suite_3.jpg', 0, 3, '2025-10-06 05:32:56', '2025-12-09 07:27:55'),
	(94, 10, 'executive_suite_4.jpg', 0, 4, '2025-10-06 05:32:56', '2025-12-09 07:27:55'),
	(95, 10, 'executive_suite_5.jpg', 0, 5, '2025-10-06 05:32:56', '2025-12-09 07:27:55'),
	(96, 10, 'executive_suite_6.jpg', 0, 6, '2025-10-06 05:32:56', '2025-12-09 07:27:55'),
	(97, 10, 'executive_suite_7.jpg', 0, 7, '2025-10-06 05:32:56', '2025-12-09 07:27:55'),
	(98, 10, 'executive_suite_8.jpg', 0, 8, '2025-10-06 05:32:56', '2025-12-09 07:27:55'),
	(99, 10, 'executive_suite_9.jpg', 0, 9, '2025-10-06 05:32:56', '2025-12-09 07:27:55'),
	(100, 10, 'executive_suite_10.jpg', 0, 10, '2025-10-06 05:32:56', '2025-12-09 07:27:55'),
	(101, 11, 'presidential_suite_1.jpg', 1, 1, '2025-10-06 05:32:56', '2025-12-09 07:27:55'),
	(102, 11, 'presidential_suite_2.jpg', 0, 2, '2025-10-06 05:32:56', '2025-12-09 07:27:55'),
	(103, 11, 'presidential_suite_3.jpg', 0, 3, '2025-10-06 05:32:56', '2025-12-09 07:27:55'),
	(104, 11, 'presidential_suite_4.jpg', 0, 4, '2025-10-06 05:32:56', '2025-12-09 07:27:55'),
	(105, 11, 'presidential_suite_5.jpg', 0, 5, '2025-10-06 05:32:56', '2025-12-09 07:27:55'),
	(106, 11, 'presidential_suite_6.jpg', 0, 6, '2025-10-06 05:32:56', '2025-12-09 07:27:55'),
	(107, 11, 'presidential_suite_7.jpg', 0, 7, '2025-10-06 05:32:56', '2025-12-09 07:27:55');
REPLACE INTO `room_type_images` (`image_id`, `room_type_id`, `image_filename`, `is_primary`, `display_order`, `created_at`, `updated_at`) VALUES
	(108, 11, 'presidential_suite_8.jpg', 0, 8, '2025-10-06 05:32:56', '2025-12-09 07:27:55'),
	(109, 11, 'presidential_suite_9.jpg', 0, 9, '2025-10-06 05:32:56', '2025-12-09 07:27:55'),
	(110, 11, 'presidential_suite_10.jpg', 0, 10, '2025-10-06 05:32:56', '2025-12-09 07:27:55'),
	(111, 12, 'governor_suite_1.jpg', 1, 1, '2025-10-06 05:32:56', '2025-12-09 07:27:55'),
	(112, 12, 'governor_suite_2.jpg', 0, 2, '2025-10-06 05:32:56', '2025-12-09 07:27:55'),
	(113, 12, 'governor_suite_3.jpg', 0, 3, '2025-10-06 05:32:56', '2025-12-09 07:27:55'),
	(114, 12, 'governor_suite_4.jpg', 0, 4, '2025-10-06 05:32:56', '2025-12-09 07:27:55'),
	(115, 12, 'governor_suite_5.jpg', 0, 5, '2025-10-06 05:32:56', '2025-12-09 07:27:55'),
	(116, 12, 'governor_suite_6.jpg', 0, 6, '2025-10-06 05:32:56', '2025-12-09 07:27:55'),
	(117, 12, 'governor_suite_7.jpg', 0, 7, '2025-10-06 05:32:56', '2025-12-09 07:27:55'),
	(118, 12, 'governor_suite_8.jpg', 0, 8, '2025-10-06 05:32:56', '2025-12-09 07:27:55'),
	(119, 12, 'governor_suite_9.jpg', 0, 9, '2025-10-06 05:32:56', '2025-12-09 07:27:55'),
	(120, 12, 'governor_suite_10.jpg', 0, 10, '2025-10-06 05:32:56', '2025-12-09 07:27:55'),
	(121, 13, 'mayor_suite_1.jpg', 1, 1, '2025-10-06 05:32:56', '2025-12-09 07:27:55'),
	(122, 13, 'mayor_suite_2.jpg', 0, 2, '2025-10-06 05:32:56', '2025-12-09 07:27:55'),
	(123, 13, 'mayor_suite_3.jpg', 0, 3, '2025-10-06 05:32:56', '2025-12-09 07:27:55'),
	(124, 13, 'mayor_suite_4.jpg', 0, 4, '2025-10-06 05:32:56', '2025-12-09 07:27:55'),
	(125, 13, 'mayor_suite_5.jpg', 0, 5, '2025-10-06 05:32:56', '2025-12-09 07:27:55'),
	(126, 13, 'mayor_suite_6.jpg', 0, 6, '2025-10-06 05:32:56', '2025-12-09 07:27:55');
REPLACE INTO `room_type_images` (`image_id`, `room_type_id`, `image_filename`, `is_primary`, `display_order`, `created_at`, `updated_at`) VALUES
	(127, 13, 'mayor_suite_7.jpg', 0, 7, '2025-10-06 05:32:56', '2025-12-09 07:27:55'),
	(128, 13, 'mayor_suite_8.jpg', 0, 8, '2025-10-06 05:32:56', '2025-12-09 07:27:55'),
	(129, 13, 'mayor_suite_9.jpg', 0, 9, '2025-10-06 05:32:56', '2025-12-09 07:27:55'),
	(130, 13, 'mayor_suite_10.jpg', 0, 10, '2025-10-06 05:32:56', '2025-12-09 07:27:55'),
	(131, 14, 'dormitory_room_1.jpg', 1, 1, '2025-10-06 05:32:56', '2025-12-09 07:27:55'),
	(132, 14, 'dormitory_room_2.jpg', 0, 2, '2025-10-06 05:32:56', '2025-12-09 07:27:55'),
	(133, 14, 'dormitory_room_3.jpg', 0, 3, '2025-10-06 05:32:56', '2025-12-09 07:27:55'),
	(134, 14, 'dormitory_room_4.jpg', 0, 4, '2025-10-06 05:32:56', '2025-12-09 07:27:55'),
	(135, 14, 'dormitory_room_5.jpg', 0, 5, '2025-10-06 05:32:56', '2025-12-09 07:27:55'),
	(136, 14, 'dormitory_room_6.jpg', 0, 6, '2025-10-06 05:32:56', '2025-12-09 07:27:55'),
	(137, 14, 'dormitory_room_7.jpg', 0, 7, '2025-10-06 05:32:56', '2025-12-09 07:27:55'),
	(138, 14, 'dormitory_room_8.jpg', 0, 8, '2025-10-06 05:32:56', '2025-12-09 07:27:55'),
	(139, 14, 'dormitory_room_9.jpg', 0, 9, '2025-10-06 05:32:56', '2025-12-09 07:27:55'),
	(140, 14, 'dormitory_room_10.jpg', 0, 10, '2025-10-06 05:32:56', '2025-12-09 07:27:55');

-- Dumping data for table hotelia_db.service_categories: ~8 rows (approximately)
REPLACE INTO `service_categories` (`category_id`, `name`, `icon`, `description`, `is_active`, `created_at`) VALUES
	(1, 'Room Amenities', 'shirt', 'Extra towels, pillows, toiletries and room items', 1, '2025-10-30 12:47:22');
REPLACE INTO `service_categories` (`category_id`, `name`, `icon`, `description`, `is_active`, `created_at`) VALUES
	(2, 'Housekeeping', 'sparkles', 'Cleaning services and room maintenance', 1, '2025-10-30 12:47:22'),
	(3, 'Maintenance', 'wrench', 'Repair requests and technical issues', 1, '2025-10-30 12:47:22'),
	(4, 'Food & Beverage', 'utensils', 'Room service and dining requests', 1, '2025-10-30 12:47:22'),
	(5, 'Concierge', 'concierge-bell', 'Local recommendations and assistance', 1, '2025-10-30 12:47:22'),
	(6, 'Transportation', 'car', 'Taxi, shuttle and transportation services', 1, '2025-10-30 12:47:22'),
	(7, 'General Help', 'help-circle', 'Other questions and assistance', 1, '2025-10-30 12:47:22'),
	(8, 'Emergency', 'alert-triangle', 'Urgent situations requiring immediate attention', 1, '2025-10-30 12:47:22');

-- Dumping data for table hotelia_db.service_forms: ~2 rows (approximately)
REPLACE INTO `service_forms` (`form_id`, `category_id`, `form_name`, `form_config`, `is_active`, `created_at`) VALUES
	(1, 1, 'Extra Towels & Linens', '{"fields": [{"name": "item_type", "type": "dropdown", "label": "What do you need?", "options": [{"label": "Bath Towels", "value": "bath_towels"}, {"label": "Hand Towels", "value": "hand_towels"}, {"label": "Face Towels", "value": "face_towels"}, {"label": "Bath Mat", "value": "bath_mat"}, {"label": "Extra Pillows", "value": "extra_pillows"}, {"label": "Extra Blankets", "value": "extra_blankets"}], "required": true}, {"max": 10, "min": 1, "name": "quantity", "type": "number", "label": "How many?", "default": 2, "required": true}, {"name": "special_instructions", "type": "textarea", "label": "Special Instructions", "required": false, "placeholder": "Any special requests or delivery instructions..."}]}', 1, '2025-10-30 12:47:22');
REPLACE INTO `service_forms` (`form_id`, `category_id`, `form_name`, `form_config`, `is_active`, `created_at`) VALUES
	(2, 3, 'Air Conditioning Issues', '{"fields": [{"name": "issue_type", "type": "dropdown", "label": "What\'s the problem?", "options": [{"label": "Not cooling", "value": "not_cooling"}, {"label": "Won\'t turn on", "value": "not_turning_on"}, {"label": "Making strange noise", "value": "making_noise"}, {"label": "Water leaking", "value": "leaking"}, {"label": "Strange smell", "value": "smelling"}, {"label": "Other issue", "value": "other"}], "required": true}, {"name": "description", "type": "textarea", "label": "Please describe the issue", "required": true, "placeholder": "When did it start? What have you noticed?"}, {"name": "urgent", "type": "checkbox", "label": "This is urgent - room is uncomfortable", "required": false}]}', 1, '2025-10-30 12:47:22');

-- Dumping data for table hotelia_db.service_requests: ~0 rows (approximately)
REPLACE INTO `service_requests` (`request_id`, `guest_id`, `booking_id`, `category_id`, `form_id`, `room_id`, `title`, `description`, `request_data`, `priority`, `status`, `guest_room_number`, `created_at`, `updated_at`) VALUES
	(1, 1, NULL, 2, NULL, 9, 'Housekeeping Request', '', '{"quantity": "1", "amenity_type": "extra_pillows", "special_instructions": ""}', 'medium', 'done', 'G103', '2026-01-02 16:02:15', '2026-01-02 18:04:18');

-- Dumping data for table hotelia_db.staff: ~5 rows (approximately)
REPLACE INTO `staff` (`staff_id`, `account_id`, `full_name`, `role`, `status`, `email`, `phone`, `updated_at`) VALUES
	(2, 4, 'Reception Staff', 'reception', 'active', 'reception@hotelia.com', '123-456-7890', '2025-12-28 02:40:48');
REPLACE INTO `staff` (`staff_id`, `account_id`, `full_name`, `role`, `status`, `email`, `phone`, `updated_at`) VALUES
	(5, 10, 'F&B Waiter', 'fnb_waiter', 'active', 'waiter@hotelia.com', '123-456-7891', '2026-01-05 08:13:21'),
	(6, 12, 'Kitchen Staff', 'fnb_kitchen', 'active', 'kitchen@hotelia.com', '123-456-7892', '2026-01-07 03:36:07'),
	(7, 13, 'F&B Cashier', 'fnb_cashier', 'active', 'cashier@hotelia.com', '123-456-7892', '2026-01-09 10:45:54'),
	(9, 16, 'System Administrator', 'admin', 'active', 'admin@hotelia.com', '0912-345-6789', '2026-01-16 14:13:30');

-- Dumping data for table hotelia_db.user_sessions: ~2 rows (approximately)
REPLACE INTO `user_sessions` (`session_id`, `account_id`, `session_token`, `ip_address`, `user_agent`, `created_at`, `expires_at`) VALUES
	(309, 14, 'dtlng3vo3vtinukhioaml7hr10', '::1', 'Mozilla/5.0 (Windows NT 10.0; Win64; x64) AppleWebKit/537.36 (KHTML, like Gecko) Chrome/143.0.0.0 Safari/537.36 Edg/143.0.0.0', '2026-01-16 11:40:26', '2026-01-16 12:45:40');

-- Dumping data for table hotelia_db.view_types: ~7 rows (approximately)
REPLACE INTO `view_types` (`view_type_id`, `name`, `premium_rate`) VALUES
	(5, 'Sea View', 0.00);
REPLACE INTO `view_types` (`view_type_id`, `name`, `premium_rate`) VALUES
	(6, 'Pool View', 0.00),
	(7, 'Garden View', 0.00),
	(8, 'City View', 0.00),
	(9, 'Mountain View', 0.00),
	(10, 'Sunset View', 0.00),
	(11, 'Courtyard View', 0.00);

/*!40103 SET TIME_ZONE=IFNULL(@OLD_TIME_ZONE, 'system') */;
/*!40101 SET SQL_MODE=IFNULL(@OLD_SQL_MODE, '') */;
/*!40014 SET FOREIGN_KEY_CHECKS=IFNULL(@OLD_FOREIGN_KEY_CHECKS, 1) */;
/*!40101 SET CHARACTER_SET_CLIENT=@OLD_CHARACTER_SET_CLIENT */;
/*!40111 SET SQL_NOTES=IFNULL(@OLD_SQL_NOTES, 1) */;
